"","Genus","Species"
"1","Anser","fabalis"
"2","Anthus","cervinus"
"3","Anthus","gustavi"
"4","Anthus","rubescens"
"5","Arenaria","interpres"
"6","Asio","flammeus"
"7","Aythya","marila"
"8","Butastur","indicus"
"9","Calidris","acuminata"
"10","Calidris","alba"
"11","Calidris","ruficollis"
"12","Calidris","temminckii"
"13","Ciconia","boyciana"
"14","Coturnicops","exquisitus"
"15","Dendrocopos","noguchii"
"16","Dendrocopos","owstoni"
"17","Emberiza","personata"
"18","Emberiza","variabilis"
"19","Eophona","personata"
"20","Ficedula","albicilla"
"21","Gallinago","stenura"
"22","Garrulus","lidthi"
"23","Gavia","arctica"
"24","Gavia","stellata"
"25","Geokichla","sibirica"
"26","Histrionicus","histrionicus"
"27","Hypotaenidia","okinawae"
"28","Larus","canus"
"29","Larus","fuscus"
"30","Larvivora","komadori"
"31","Larvivora","namiyei"
"32","Limosa","limosa"
"33","Locustella","ochotensis"
"34","Mareca","falcata"
"35","Mareca","penelope"
"36","Melanitta","stejnegeri"
"37","Mergus","serrator"
"38","Motacilla","grandis"
"39","Numenius","arquata"
"40","Numenius","madagascariensis"
"41","Phasianus","versicolor"
"42","Phylloscopus","borealoides"
"43","Phylloscopus","ijimae"
"44","Phylloscopus","inornatus"
"45","Picus","awokera"
"46","Platalea","minor"
"47","Pluvialis","fulva"
"48","Podiceps","auritus"
"49","Pterodroma","solandri"
"50","Rissa","tridactyla"
"51","Scolopax","mira"
"52","Spinus","spinus"
"53","Tringa","ochropus"
"54","Turdus","celaenops"
"55","Turdus","chrysolaus"
"56","Turdus","naumanni"
"57","Turdus","obscurus"
"58","Urile","pelagicus"
"59","Zoothera","major"
"60","Abroscopus","albogularis"
"61","Abroscopus","schisticeps"
"62","Abroscopus","superciliaris"
"63","Acanthis","flammea"
"64","Acanthoptila","nipalensis"
"65","Accipiter","badius"
"66","Accipiter","butleri"
"67","Accipiter","erythrauchen"
"68","Accipiter","fasciatus"
"69","Accipiter","gentilis"
"70","Accipiter","griseiceps"
"71","Accipiter","gularis"
"72","Accipiter","hiogaster"
"73","Accipiter","meyerianus"
"74","Accipiter","nanus"
"75","Accipiter","nisus"
"76","Accipiter","rhodogaster"
"77","Accipiter","soloensis"
"78","Accipiter","sylvestris"
"79","Accipiter","trinotatus"
"80","Accipiter","trivirgatus"
"81","Accipiter","virgatus"
"82","Aceros","nipalensis"
"83","Acridotheres","albocinctus"
"84","Acridotheres","burmannicus"
"85","Acridotheres","cinereus"
"86","Acridotheres","cristatellus"
"87","Acridotheres","fuscus"
"88","Acridotheres","ginginianus"
"89","Acridotheres","grandis"
"90","Acridotheres","javanicus"
"91","Acridotheres","leucocephalus"
"92","Acridotheres","melanopterus"
"93","Acridotheres","tertius"
"94","Acridotheres","tricolor"
"95","Acridotheres","tristis"
"96","Acritillas","indica"
"97","Acrocephalus","agricola"
"98","Acrocephalus","australis"
"99","Acrocephalus","bistrigiceps"
"100","Acrocephalus","concinens"
"101","Acrocephalus","dumetorum"
"102","Acrocephalus","melanopogon"
"103","Acrocephalus","orientalis"
"104","Acrocephalus","orinus"
"105","Acrocephalus","scirpaceus"
"106","Acrocephalus","sorghophilus"
"107","Acrocephalus","stentoreus"
"108","Acrocephalus","tangorum"
"109","Actenoides","capucinus"
"110","Actenoides","concretus"
"111","Actenoides","hombroni"
"112","Actenoides","lindsayi"
"113","Actenoides","monachus"
"114","Actenoides","princeps"
"115","Actenoides","regalis"
"116","Actinodura","egertoni"
"117","Actinodura","radcliffei"
"118","Actinodura","ramsayi"
"119","Actinodura","sodangorum"
"120","Actitis","hypoleucos"
"121","Aegithalos","annamensis"
"122","Aegithalos","bonvaloti"
"123","Aegithalos","caudatus"
"124","Aegithalos","concinnus"
"125","Aegithalos","fuliginosus"
"126","Aegithalos","glaucogularis"
"127","Aegithalos","iouschistos"
"128","Aegithalos","iredalei"
"129","Aegithalos","leucogenys"
"130","Aegithalos","niveogularis"
"131","Aegithina","lafresnayei"
"132","Aegithina","nigrolutea"
"133","Aegithina","tiphia"
"134","Aegithina","viridissima"
"135","Aegolius","funereus"
"136","Aegypius","monachus"
"137","Aerodramus","brevirostris"
"138","Aerodramus","fuciphagus"
"139","Aerodramus","infuscatus"
"140","Aerodramus","maximus"
"141","Aerodramus","mearnsi"
"142","Aerodramus","salangana"
"143","Aerodramus","unicolor"
"144","Aerodramus","vanikorensis"
"145","Aerodramus","vulcanorum"
"146","Aerodramus","whiteheadi"
"147","Aethopyga","bella"
"148","Aethopyga","boltoni"
"149","Aethopyga","christinae"
"150","Aethopyga","duyvenbodei"
"151","Aethopyga","eximia"
"152","Aethopyga","flagrans"
"153","Aethopyga","gouldiae"
"154","Aethopyga","guimarasensis"
"155","Aethopyga","ignicauda"
"156","Aethopyga","latouchii"
"157","Aethopyga","linaraborae"
"158","Aethopyga","magnifica"
"159","Aethopyga","mystacalis"
"160","Aethopyga","nipalensis"
"161","Aethopyga","primigenia"
"162","Aethopyga","pulcherrima"
"163","Aethopyga","saturata"
"164","Aethopyga","shelleyi"
"165","Aethopyga","siparaja"
"166","Aethopyga","temminckii"
"167","Aethopyga","vigorsii"
"168","Agraphospiza","rubescens"
"169","Agropsar","philippensis"
"170","Agropsar","sturninus"
"171","Aix","galericulata"
"172","Alaemon","alaudipes"
"173","Alauda","arvensis"
"174","Alauda","gulgula"
"175","Alaudala","raytal"
"176","Alaudala","rufescens"
"177","Alcedo","atthis"
"178","Alcedo","coerulescens"
"179","Alcedo","euryzona"
"180","Alcedo","hercules"
"181","Alcedo","meninting"
"182","Alcedo","peninsulae"
"183","Alcippe","brunneicauda"
"184","Alcippe","grotei"
"185","Alcippe","morrisonia"
"186","Alcippe","nipalensis"
"187","Alcippe","peracensis"
"188","Alcippe","poioicephala"
"189","Alcippe","pyrrhoptera"
"190","Alcurus","striatus"
"191","Alectoris","chukar"
"192","Alectoris","magna"
"193","Alisterus","amboinensis"
"194","Alopecoenas","hoedtii"
"195","Alophoixus","bres"
"196","Alophoixus","flaveolus"
"197","Alophoixus","frater"
"198","Alophoixus","griseiceps"
"199","Alophoixus","ochraceus"
"200","Alophoixus","pallidus"
"201","Alophoixus","phaeocephalus"
"202","Alophoixus","ruficrissus"
"203","Alophoixus","tephrogenys"
"204","Amandava","amandava"
"205","Amandava","formosa"
"206","Amaurornis","cinerea"
"207","Amaurornis","isabellina"
"208","Amaurornis","magnirostris"
"209","Amaurornis","moluccana"
"210","Amaurornis","olivacea"
"211","Amaurornis","phoenicurus"
"212","Ammomanes","cinctura"
"213","Ammomanes","deserti"
"214","Ammomanes","phoenicura"
"215","Ammoperdix","griseogularis"
"216","Ampeliceps","coronatus"
"217","Anas","acuta"
"218","Anas","albogularis"
"219","Anas","crecca"
"220","Anas","gibberifrons"
"221","Anas","gracilis"
"222","Anas","luzonica"
"223","Anas","platyrhynchos"
"224","Anas","poecilorhyncha"
"225","Anas","superciliosa"
"226","Anas","zonorhyncha"
"227","Anastomus","oscitans"
"228","Anhinga","melanogaster"
"229","Anhinga","novaehollandiae"
"230","Anorrhinus","austeni"
"231","Anorrhinus","galeritus"
"232","Anorrhinus","tickelli"
"233","Anous","minutus"
"234","Anous","stolidus"
"235","Anous","tenuirostris"
"236","Anser","albifrons"
"237","Anser","anser"
"238","Anser","cygnoid"
"239","Anser","erythropus"
"240","Anser","indicus"
"241","Anthipes","monileger"
"242","Anthipes","solitaris"
"243","Anthracoceros","albirostris"
"244","Anthracoceros","coronatus"
"245","Anthracoceros","malayanus"
"246","Anthracoceros","marchei"
"247","Anthracoceros","montani"
"248","Anthreptes","griseigularis"
"249","Anthreptes","malacensis"
"250","Anthreptes","rhodolaemus"
"251","Anthreptes","simplex"
"252","Anthropoides","virgo"
"253","Anthus","campestris"
"254","Anthus","godlewskii"
"255","Anthus","hodgsoni"
"256","Anthus","nilghiriensis"
"257","Anthus","pratensis"
"258","Anthus","richardi"
"259","Anthus","roseatus"
"260","Anthus","rufulus"
"261","Anthus","similis"
"262","Anthus","spinoletta"
"263","Anthus","sylvanus"
"264","Anthus","trivialis"
"265","Antigone","antigone"
"266","Antigone","vipio"
"267","Apalharpactes","mackloti"
"268","Apalharpactes","reinwardtii"
"269","Aplonis","metallica"
"270","Aplonis","minor"
"271","Aplonis","mysolensis"
"272","Aplonis","panayensis"
"273","Aprosmictus","jonquillaceus"
"274","Apus","acuticauda"
"275","Apus","affinis"
"276","Apus","apus"
"277","Apus","nipalensis"
"278","Apus","pacificus"
"279","Apus","pallidus"
"280","Aquila","chrysaetos"
"281","Aquila","fasciata"
"282","Aquila","heliaca"
"283","Aquila","nipalensis"
"284","Aquila","rapax"
"285","Arachnothera","affinis"
"286","Arachnothera","chrysogenys"
"287","Arachnothera","clarae"
"288","Arachnothera","crassirostris"
"289","Arachnothera","dilutior"
"290","Arachnothera","flammifera"
"291","Arachnothera","flavigaster"
"292","Arachnothera","hypogrammica"
"293","Arachnothera","juliae"
"294","Arachnothera","longirostra"
"295","Arachnothera","magna"
"296","Arachnothera","modesta"
"297","Arachnothera","robusta"
"298","Aramidopsis","plateni"
"299","Arborophila","ardens"
"300","Arborophila","atrogularis"
"301","Arborophila","brunneopectus"
"302","Arborophila","cambodiana"
"303","Arborophila","campbelli"
"304","Arborophila","charltonii"
"305","Arborophila","chloropus"
"306","Arborophila","crudigularis"
"307","Arborophila","davidi"
"308","Arborophila","gingica"
"309","Arborophila","graydoni"
"310","Arborophila","hyperythra"
"311","Arborophila","javanica"
"312","Arborophila","mandellii"
"313","Arborophila","orientalis"
"314","Arborophila","rolli"
"315","Arborophila","rubrirostris"
"316","Arborophila","rufipectus"
"317","Arborophila","rufogularis"
"318","Arborophila","sumatrana"
"319","Arborophila","tonkinensis"
"320","Arborophila","torqueola"
"321","Ardea","alba"
"322","Ardea","cinerea"
"323","Ardea","goliath"
"324","Ardea","insignis"
"325","Ardea","intermedia"
"326","Ardea","plumifera"
"327","Ardea","purpurea"
"328","Ardea","sumatrana"
"329","Ardenna","carneipes"
"330","Ardenna","pacifica"
"331","Ardeola","bacchus"
"332","Ardeola","grayii"
"333","Ardeola","ralloides"
"334","Ardeola","speciosa"
"335","Ardeotis","nigriceps"
"336","Argusianus","argus"
"337","Argya","caudata"
"338","Argya","earlei"
"339","Argya","malcolmi"
"340","Argya","subrufa"
"341","Artamus","cinereus"
"342","Artamus","fuscus"
"343","Artamus","leucoryn"
"344","Artamus","monachus"
"345","Arundinax","aedon"
"346","Asarcornis","scutulata"
"347","Asio","otus"
"348","Athene","brama"
"349","Athene","noctua"
"350","Aviceda","jerdoni"
"351","Aviceda","leuphotes"
"352","Aviceda","subcristata"
"353","Aythya","baeri"
"354","Aythya","ferina"
"355","Aythya","fuligula"
"356","Aythya","nyroca"
"357","Bambusicola","fytchii"
"358","Bambusicola","sonorivox"
"359","Bambusicola","thoracicus"
"360","Basilornis","celebensis"
"361","Basilornis","galeatus"
"362","Batrachostomus","auritus"
"363","Batrachostomus","cornutus"
"364","Batrachostomus","harterti"
"365","Batrachostomus","hodgsoni"
"366","Batrachostomus","javensis"
"367","Batrachostomus","mixtus"
"368","Batrachostomus","moniliger"
"369","Batrachostomus","poliolophus"
"370","Batrachostomus","septimus"
"371","Batrachostomus","stellatus"
"372","Berenicornis","comatus"
"373","Blythipicus","pyrrhotis"
"374","Blythipicus","rubiginosus"
"375","Bolbopsittacus","lunulatus"
"376","Bombycilla","garrulus"
"377","Bombycilla","japonica"
"378","Bonasa","sewerzowi"
"379","Botaurus","stellaris"
"380","Brachypodius","atriceps"
"381","Brachypodius","fuscoflavescens"
"382","Brachypodius","priocephalus"
"383","Brachypteryx","cruralis"
"384","Brachypteryx","erythrogyna"
"385","Brachypteryx","floris"
"386","Brachypteryx","goodfellowi"
"387","Brachypteryx","hyperythra"
"388","Brachypteryx","leucophris"
"389","Brachypteryx","montana"
"390","Brachypteryx","poliogyna"
"391","Brachypteryx","saturata"
"392","Brachypteryx","sinensis"
"393","Branta","bernicla"
"394","Bubo","bengalensis"
"395","Bubo","blakistoni"
"396","Bubo","bubo"
"397","Bubo","coromandus"
"398","Bubo","nipalensis"
"399","Bubo","philippensis"
"400","Bubo","sumatranus"
"401","Bubulcus","ibis"
"402","Bucanetes","githagineus"
"403","Bucanetes","mongolicus"
"404","Bucephala","clangula"
"405","Buceros","bicornis"
"406","Buceros","hydrocorax"
"407","Buceros","mindanensis"
"408","Buceros","rhinoceros"
"409","Buettikoferella","bivittata"
"410","Bulweria","bulwerii"
"411","Bulweria","fallax"
"412","Burhinus","indicus"
"413","Burhinus","oedicnemus"
"414","Butastur","liventer"
"415","Butastur","teesa"
"416","Buteo","buteo"
"417","Buteo","hemilasius"
"418","Buteo","japonicus"
"419","Buteo","lagopus"
"420","Buteo","refectus"
"421","Buteo","rufinus"
"422","Butorides","striata"
"423","Cacatua","alba"
"424","Cacatua","galerita"
"425","Cacatua","goffiniana"
"426","Cacatua","haematuropygia"
"427","Cacatua","sulphurea"
"428","Cacomantis","aeruginosus"
"429","Cacomantis","merulinus"
"430","Cacomantis","passerinus"
"431","Cacomantis","sonneratii"
"432","Cacomantis","variolosus"
"433","Calandrella","acutirostris"
"434","Calandrella","brachydactyla"
"435","Calandrella","dukhunensis"
"436","Calcarius","lapponicus"
"437","Calidris","alpina"
"438","Calidris","canutus"
"439","Calidris","falcinellus"
"440","Calidris","ferruginea"
"441","Calidris","minuta"
"442","Calidris","pugnax"
"443","Calidris","pygmaea"
"444","Calidris","subminuta"
"445","Calidris","tenuirostris"
"446","Callacanthis","burtoni"
"447","Calliope","calliope"
"448","Calliope","obscura"
"449","Calliope","pectardens"
"450","Calliope","pectoralis"
"451","Calliope","tschebaiewi"
"452","Caloenas","nicobarica"
"453","Calonectris","leucomelas"
"454","Caloperdix","oculeus"
"455","Caloramphus","fuliginosus"
"456","Caloramphus","hayii"
"457","Calyptomena","hosii"
"458","Calyptomena","viridis"
"459","Calyptomena","whiteheadi"
"460","Caprimulgus","affinis"
"461","Caprimulgus","andamanicus"
"462","Caprimulgus","asiaticus"
"463","Caprimulgus","atripennis"
"464","Caprimulgus","celebensis"
"465","Caprimulgus","centralasicus"
"466","Caprimulgus","concretus"
"467","Caprimulgus","europaeus"
"468","Caprimulgus","indicus"
"469","Caprimulgus","jotaka"
"470","Caprimulgus","macrurus"
"471","Caprimulgus","mahrattensis"
"472","Caprimulgus","manillensis"
"473","Caprimulgus","meesi"
"474","Caprimulgus","pulchellus"
"475","Carduelis","caniceps"
"476","Caridonax","fulgidus"
"477","Carpococcyx","radiceus"
"478","Carpococcyx","renauldi"
"479","Carpococcyx","viridis"
"480","Carpodacus","dubius"
"481","Carpodacus","edwardsii"
"482","Carpodacus","erythrinus"
"483","Carpodacus","formosanus"
"484","Carpodacus","pulcherrimus"
"485","Carpodacus","puniceus"
"486","Carpodacus","rhodochlamys"
"487","Carpodacus","roborowskii"
"488","Carpodacus","rodochroa"
"489","Carpodacus","rodopeplus"
"490","Carpodacus","roseus"
"491","Carpodacus","rubicilla"
"492","Carpodacus","rubicilloides"
"493","Carpodacus","sibiricus"
"494","Carpodacus","sillemi"
"495","Carpodacus","sipahi"
"496","Carpodacus","stoliczkae"
"497","Carpodacus","subhimachalus"
"498","Carpodacus","thura"
"499","Carpodacus","trifasciatus"
"500","Carpodacus","verreauxii"
"501","Carpodacus","vinaceus"
"502","Carpodacus","waltoni"
"503","Carterornis","pileatus"
"504","Cataponera","turdoides"
"505","Catreus","wallichii"
"506","Cecropis","daurica"
"507","Cecropis","hyperythra"
"508","Celebesica","abbotti"
"509","Centropus","andamanensis"
"510","Centropus","bengalensis"
"511","Centropus","celebensis"
"512","Centropus","chlororhynchos"
"513","Centropus","melanops"
"514","Centropus","nigrorufus"
"515","Centropus","phasianinus"
"516","Centropus","rectunguis"
"517","Centropus","sinensis"
"518","Centropus","steerii"
"519","Centropus","unirufus"
"520","Centropus","viridis"
"521","Cephalopyrus","flammiceps"
"522","Cercotrichas","galactotes"
"523","Cerorhinca","monocerata"
"524","Certhia","discolor"
"525","Certhia","familiaris"
"526","Certhia","himalayana"
"527","Certhia","hodgsoni"
"528","Certhia","manipurensis"
"529","Certhia","nipalensis"
"530","Certhia","tianquanensis"
"531","Ceryle","rudis"
"532","Cettia","brunnifrons"
"533","Cettia","castaneocoronata"
"534","Cettia","cetti"
"535","Cettia","major"
"536","Ceyx","argentatus"
"537","Ceyx","cajeli"
"538","Ceyx","cyanopectus"
"539","Ceyx","erithaca"
"540","Ceyx","fallax"
"541","Ceyx","flumenicola"
"542","Ceyx","margarethae"
"543","Ceyx","melanurus"
"544","Ceyx","mindanensis"
"545","Ceyx","nigrirostris"
"546","Ceyx","sangirensis"
"547","Ceyx","wallacii"
"548","Chaetornis","striata"
"549","Chalcites","basalis"
"550","Chalcites","lucidus"
"551","Chalcites","minutillus"
"552","Chalcites","osculans"
"553","Chalcoparia","singalensis"
"554","Chalcophaps","indica"
"555","Chalcophaps","longirostris"
"556","Chalcophaps","stephani"
"557","Charadrius","alexandrinus"
"558","Charadrius","asiaticus"
"559","Charadrius","dealbatus"
"560","Charadrius","dubius"
"561","Charadrius","hiaticula"
"562","Charadrius","javanicus"
"563","Charadrius","leschenaultii"
"564","Charadrius","mongolus"
"565","Charadrius","peronii"
"566","Charadrius","placidus"
"567","Charadrius","ruficapillus"
"568","Charadrius","veredus"
"569","Charmosyna","toxopei"
"570","Chatarrhaea","gularis"
"571","Chatarrhaea","longirostris"
"572","Chelidorhynx","hypoxanthus"
"573","Chlamydochaera","jefferyi"
"574","Chlamydotis","macqueenii"
"575","Chleuasicus","atrosuperciliaris"
"576","Chlidonias","hybrida"
"577","Chlidonias","leucopterus"
"578","Chloris","ambigua"
"579","Chloris","chloris"
"580","Chloris","monguilloti"
"581","Chloris","sinica"
"582","Chloris","spinoides"
"583","Chloropsis","aurifrons"
"584","Chloropsis","cochinchinensis"
"585","Chloropsis","cyanopogon"
"586","Chloropsis","flavipennis"
"587","Chloropsis","hardwickii"
"588","Chloropsis","jerdoni"
"589","Chloropsis","kinabaluensis"
"590","Chloropsis","lazulina"
"591","Chloropsis","media"
"592","Chloropsis","moluccensis"
"593","Chloropsis","palawanensis"
"594","Chloropsis","sonnerati"
"595","Chloropsis","venusta"
"596","Cholornis","paradoxus"
"597","Cholornis","unicolor"
"598","Chrysococcyx","maculatus"
"599","Chrysococcyx","xanthorhynchus"
"600","Chrysocolaptes","erythrocephalus"
"601","Chrysocolaptes","festivus"
"602","Chrysocolaptes","guttacristatus"
"603","Chrysocolaptes","haematribon"
"604","Chrysocolaptes","lucidus"
"605","Chrysocolaptes","stricklandi"
"606","Chrysocolaptes","strictus"
"607","Chrysocolaptes","validus"
"608","Chrysocolaptes","xanthocephalus"
"609","Chrysocorythus","estherae"
"610","Chrysocorythus","mindanensis"
"611","Chrysolophus","amherstiae"
"612","Chrysolophus","pictus"
"613","Chrysominla","strigula"
"614","Chrysomma","altirostre"
"615","Chrysomma","sinense"
"616","Chrysophlegma","flavinucha"
"617","Chrysophlegma","humii"
"618","Chrysophlegma","mentale"
"619","Chrysophlegma","miniaceum"
"620","Ciconia","ciconia"
"621","Ciconia","episcopus"
"622","Ciconia","nigra"
"623","Ciconia","stormi"
"624","Cinclidium","frontale"
"625","Cincloramphus","timoriensis"
"626","Cinclus","cinclus"
"627","Cinclus","pallasii"
"628","Cinnyris","asiaticus"
"629","Cinnyris","buettikoferi"
"630","Cinnyris","jugularis"
"631","Cinnyris","lotenius"
"632","Cinnyris","solaris"
"633","Circaetus","gallicus"
"634","Circus","aeruginosus"
"635","Circus","assimilis"
"636","Circus","cyaneus"
"637","Circus","macrourus"
"638","Circus","melanoleucos"
"639","Circus","pygargus"
"640","Circus","spilonotus"
"641","Cissa","chinensis"
"642","Cissa","hypoleuca"
"643","Cissa","jefferyi"
"644","Cissa","thalassina"
"645","Cisticola","exilis"
"646","Cisticola","juncidis"
"647","Cittura","cyanotis"
"648","Cittura","sanghirensis"
"649","Clamator","coromandus"
"650","Clamator","jacobinus"
"651","Clanga","clanga"
"652","Clanga","hastata"
"653","Coccothraustes","coccothraustes"
"654","Cochoa","azurea"
"655","Cochoa","beccarii"
"656","Cochoa","purpurea"
"657","Cochoa","viridis"
"658","Collocalia","esculenta"
"659","Collocalia","linchi"
"660","Collocalia","troglodytes"
"661","Columba","argentina"
"662","Columba","elphinstonii"
"663","Columba","eversmanni"
"664","Columba","hodgsonii"
"665","Columba","janthina"
"666","Columba","leuconota"
"667","Columba","livia"
"668","Columba","palumboides"
"669","Columba","palumbus"
"670","Columba","pulchricollis"
"671","Columba","punicea"
"672","Columba","rupestris"
"673","Columba","torringtoniae"
"674","Columba","vitiensis"
"675","Conostoma","aemodium"
"676","Copsychus","mindanensis"
"677","Copsychus","saularis"
"678","Coracias","affinis"
"679","Coracias","benghalensis"
"680","Coracias","garrulus"
"681","Coracias","temminckii"
"682","Coracina","bicolor"
"683","Coracina","dobsoni"
"684","Coracina","fortis"
"685","Coracina","javensis"
"686","Coracina","larvata"
"687","Coracina","leucopygia"
"688","Coracina","macei"
"689","Coracina","novaehollandiae"
"690","Coracina","panayensis"
"691","Coracina","personata"
"692","Coracina","schistacea"
"693","Coracina","striata"
"694","Coracina","temminckii"
"695","Coracornis","raveni"
"696","Coracornis","sanghirensis"
"697","Corvus","corax"
"698","Corvus","corone"
"699","Corvus","dauuricus"
"700","Corvus","enca"
"701","Corvus","florensis"
"702","Corvus","frugilegus"
"703","Corvus","macrorhynchos"
"704","Corvus","monedula"
"705","Corvus","pectoralis"
"706","Corvus","ruficollis"
"707","Corvus","splendens"
"708","Corvus","typicus"
"709","Corvus","unicolor"
"710","Corvus","violaceus"
"711","Corydon","sumatranus"
"712","Coturnix","coromandelica"
"713","Coturnix","coturnix"
"714","Coturnix","japonica"
"715","Crossoptilon","auritum"
"716","Crossoptilon","crossoptilon"
"717","Crossoptilon","harmani"
"718","Crossoptilon","mantchuricum"
"719","Crypsirina","cucullata"
"720","Crypsirina","temia"
"721","Cryptophaps","poecilorrhoa"
"722","Cuculus","canorus"
"723","Cuculus","crassirostris"
"724","Cuculus","lepidus"
"725","Cuculus","micropterus"
"726","Cuculus","poliocephalus"
"727","Cuculus","saturatus"
"728","Culicicapa","ceylonensis"
"729","Culicicapa","helianthea"
"730","Cursorius","coromandelicus"
"731","Cursorius","cursor"
"732","Cutia","legalleni"
"733","Cutia","nipalensis"
"734","Cyanecula","svecica"
"735","Cyanistes","cyanus"
"736","Cyanoderma","bicolor"
"737","Cyanoderma","chrysaeum"
"738","Cyanoderma","erythropterum"
"739","Cyanoderma","melanothorax"
"740","Cyanoderma","pyrrhops"
"741","Cyanoderma","ruficeps"
"742","Cyanoderma","rufifrons"
"743","Cyanopica","cyanus"
"744","Cyanoptila","cumatilis"
"745","Cyanoptila","cyanomelana"
"746","Cygnus","columbianus"
"747","Cygnus","cygnus"
"748","Cygnus","olor"
"749","Cymbirhynchus","affinis"
"750","Cymbirhynchus","macrorhynchos"
"751","Cyornis","banyumas"
"752","Cyornis","brunneatus"
"753","Cyornis","caerulatus"
"754","Cyornis","camarinensis"
"755","Cyornis","colonus"
"756","Cyornis","concretus"
"757","Cyornis","djampeanus"
"758","Cyornis","glaucicomans"
"759","Cyornis","hainanus"
"760","Cyornis","herioti"
"761","Cyornis","hoevelli"
"762","Cyornis","hyacinthinus"
"763","Cyornis","lemprieri"
"764","Cyornis","magnirostris"
"765","Cyornis","nicobaricus"
"766","Cyornis","olivaceus"
"767","Cyornis","omissus"
"768","Cyornis","oscillans"
"769","Cyornis","pallidipes"
"770","Cyornis","poliogenys"
"771","Cyornis","rubeculoides"
"772","Cyornis","ruckii"
"773","Cyornis","ruficauda"
"774","Cyornis","rufigastra"
"775","Cyornis","sanfordi"
"776","Cyornis","stresemanni"
"777","Cyornis","sumatrensis"
"778","Cyornis","superbus"
"779","Cyornis","tickelliae"
"780","Cyornis","turcosus"
"781","Cyornis","umbratilis"
"782","Cyornis","unicolor"
"783","Cypsiurus","balasiensis"
"784","Dasycrotapha","plateni"
"785","Dasycrotapha","pygmaea"
"786","Dasycrotapha","speciosa"
"787","Dasylophus","superciliosus"
"788","Delichon","dasypus"
"789","Delichon","lagopodum"
"790","Delichon","nipalense"
"791","Delichon","urbicum"
"792","Dendrocitta","bayleii"
"793","Dendrocitta","cinerascens"
"794","Dendrocitta","formosae"
"795","Dendrocitta","frontalis"
"796","Dendrocitta","leucogastra"
"797","Dendrocitta","occipitalis"
"798","Dendrocitta","vagabunda"
"799","Dendrocopos","analis"
"800","Dendrocopos","assimilis"
"801","Dendrocopos","atratus"
"802","Dendrocopos","darjellensis"
"803","Dendrocopos","himalayensis"
"804","Dendrocopos","hyperythrus"
"805","Dendrocopos","leucopterus"
"806","Dendrocopos","leucotos"
"807","Dendrocopos","macei"
"808","Dendrocopos","major"
"809","Dendrocygna","arcuata"
"810","Dendrocygna","bicolor"
"811","Dendrocygna","guttata"
"812","Dendrocygna","javanica"
"813","Dendronanthus","indicus"
"814","Dicaeum","agile"
"815","Dicaeum","annae"
"816","Dicaeum","anthonyi"
"817","Dicaeum","aureolimbatum"
"818","Dicaeum","australe"
"819","Dicaeum","beccarii"
"820","Dicaeum","bicolor"
"821","Dicaeum","cambodianum"
"822","Dicaeum","celebicum"
"823","Dicaeum","chrysorrheum"
"824","Dicaeum","concolor"
"825","Dicaeum","cruentatum"
"826","Dicaeum","erythrorhynchos"
"827","Dicaeum","erythrothorax"
"828","Dicaeum","everetti"
"829","Dicaeum","haematostictum"
"830","Dicaeum","hanieli"
"831","Dicaeum","hypoleucum"
"832","Dicaeum","igniferum"
"833","Dicaeum","ignipectus"
"834","Dicaeum","kampalili"
"835","Dicaeum","luzoniense"
"836","Dicaeum","maugei"
"837","Dicaeum","melanozanthum"
"838","Dicaeum","minullum"
"839","Dicaeum","monticolum"
"840","Dicaeum","nehrkorni"
"841","Dicaeum","nigrilore"
"842","Dicaeum","proprium"
"843","Dicaeum","pygmaeum"
"844","Dicaeum","quadricolor"
"845","Dicaeum","retrocinctum"
"846","Dicaeum","sanguinolentum"
"847","Dicaeum","trigonostigma"
"848","Dicaeum","trochileum"
"849","Dicaeum","vincens"
"850","Dicaeum","wilhelminae"
"851","Dicrurus","aeneus"
"852","Dicrurus","andamanensis"
"853","Dicrurus","annectens"
"854","Dicrurus","balicassius"
"855","Dicrurus","bracteatus"
"856","Dicrurus","caerulescens"
"857","Dicrurus","densus"
"858","Dicrurus","hottentottus"
"859","Dicrurus","leucophaeus"
"860","Dicrurus","lophorinus"
"861","Dicrurus","macrocercus"
"862","Dicrurus","menagei"
"863","Dicrurus","montanus"
"864","Dicrurus","paradiseus"
"865","Dicrurus","remifer"
"866","Dicrurus","striatus"
"867","Dicrurus","sumatranus"
"868","Dinopium","benghalense"
"869","Dinopium","everetti"
"870","Dinopium","javanense"
"871","Dinopium","psarodes"
"872","Dinopium","rafflesii"
"873","Dinopium","shorii"
"874","Dromas","ardeola"
"875","Dryobates","cathpharius"
"876","Dryobates","pernyii"
"877","Dryocopus","hodgei"
"878","Dryocopus","javensis"
"879","Dryocopus","martius"
"880","Ducula","aenea"
"881","Ducula","badia"
"882","Ducula","bicolor"
"883","Ducula","carola"
"884","Ducula","cineracea"
"885","Ducula","concinna"
"886","Ducula","cuprea"
"887","Ducula","forsteni"
"888","Ducula","lacernulata"
"889","Ducula","luctuosa"
"890","Ducula","mindorensis"
"891","Ducula","oenothorax"
"892","Ducula","perspicillata"
"893","Ducula","pickeringii"
"894","Ducula","poliocephala"
"895","Ducula","radiata"
"896","Ducula","rosacea"
"897","Ducula","whartoni"
"898","Dumetia","hyperythra"
"899","Eclectus","cornelia"
"900","Eclectus","roratus"
"901","Edolisoma","ceramense"
"902","Edolisoma","coerulescens"
"903","Edolisoma","dohertyi"
"904","Edolisoma","mindanense"
"905","Edolisoma","morio"
"906","Edolisoma","obiense"
"907","Edolisoma","ostentum"
"908","Edolisoma","sula"
"909","Edolisoma","tenuirostre"
"910","Egretta","eulophotes"
"911","Egretta","garzetta"
"912","Egretta","gularis"
"913","Egretta","novaehollandiae"
"914","Egretta","picata"
"915","Egretta","sacra"
"916","Elachura","formosa"
"917","Elanus","caeruleus"
"918","Elaphrornis","palliseri"
"919","Emberiza","aureola"
"920","Emberiza","bruniceps"
"921","Emberiza","buchanani"
"922","Emberiza","calandra"
"923","Emberiza","chrysophrys"
"924","Emberiza","cia"
"925","Emberiza","cioides"
"926","Emberiza","citrinella"
"927","Emberiza","elegans"
"928","Emberiza","fucata"
"929","Emberiza","godlewskii"
"930","Emberiza","koslowi"
"931","Emberiza","lathami"
"932","Emberiza","leucocephalos"
"933","Emberiza","melanocephala"
"934","Emberiza","pallasi"
"935","Emberiza","pusilla"
"936","Emberiza","rustica"
"937","Emberiza","rutila"
"938","Emberiza","schoeniclus"
"939","Emberiza","siemsseni"
"940","Emberiza","spodocephala"
"941","Emberiza","stewarti"
"942","Emberiza","striolata"
"943","Emberiza","sulphurata"
"944","Emberiza","tristrami"
"945","Emberiza","yessoensis"
"946","Enicurus","immaculatus"
"947","Enicurus","leschenaulti"
"948","Enicurus","maculatus"
"949","Enicurus","ruficapillus"
"950","Enicurus","schistaceus"
"951","Enicurus","scouleri"
"952","Enicurus","velatus"
"953","Enodes","erythrophris"
"954","Eophona","migratoria"
"955","Eos","bornea"
"956","Eos","histrio"
"957","Eos","squamata"
"958","Ephippiorhynchus","asiaticus"
"959","Eremophila","alpestris"
"960","Eremopterix","griseus"
"961","Eremopterix","nigriceps"
"962","Erpornis","zantholeuca"
"963","Erythrogenys","erythrocnemis"
"964","Erythrogenys","erythrogenys"
"965","Erythrogenys","gravivox"
"966","Erythrogenys","hypoleucos"
"967","Erythrogenys","mcclellandi"
"968","Erythrogenys","swinhoei"
"969","Erythropitta","arquata"
"970","Erythropitta","caeruleitorques"
"971","Erythropitta","celebensis"
"972","Erythropitta","dohertyi"
"973","Erythropitta","erythrogaster"
"974","Erythropitta","granatina"
"975","Erythropitta","inspeculata"
"976","Erythropitta","kochi"
"977","Erythropitta","palliceps"
"978","Erythropitta","rubrinucha"
"979","Erythropitta","ussheri"
"980","Erythropitta","venusta"
"981","Erythrura","coloria"
"982","Erythrura","hyperythra"
"983","Erythrura","prasina"
"984","Erythrura","trichroa"
"985","Erythrura","tricolor"
"986","Erythrura","viridifacies"
"987","Esacus","magnirostris"
"988","Esacus","recurvirostris"
"989","Eudynamys","orientalis"
"990","Eudynamys","scolopaceus"
"991","Eulipoa","wallacei"
"992","Eumyias","additus"
"993","Eumyias","albicaudatus"
"994","Eumyias","indigo"
"995","Eumyias","panayensis"
"996","Eumyias","ruficrissa"
"997","Eumyias","sordidus"
"998","Eumyias","thalassinus"
"999","Euodice","malabarica"
"1000","Eupetes","macrocerus"
"1001","Euptilotus","eutilotus"
"1002","Eurochelidon","sirintarae"
"1003","Eurostopodus","diabolicus"
"1004","Eurylaimus","harterti"
"1005","Eurylaimus","javanicus"
"1006","Eurylaimus","ochromalus"
"1007","Eurystomus","orientalis"
"1008","Eutrichomyias","rowleyi"
"1009","Falco","amurensis"
"1010","Falco","cenchroides"
"1011","Falco","cherrug"
"1012","Falco","chicquera"
"1013","Falco","columbarius"
"1014","Falco","concolor"
"1015","Falco","jugger"
"1016","Falco","longipennis"
"1017","Falco","moluccensis"
"1018","Falco","naumanni"
"1019","Falco","peregrinus"
"1020","Falco","severus"
"1021","Falco","subbuteo"
"1022","Falco","tinnunculus"
"1023","Ficedula","basilanica"
"1024","Ficedula","bonthaina"
"1025","Ficedula","buruensis"
"1026","Ficedula","crypta"
"1027","Ficedula","disposita"
"1028","Ficedula","dumetoria"
"1029","Ficedula","elisae"
"1030","Ficedula","erithacus"
"1031","Ficedula","harterti"
"1032","Ficedula","hodgsoni"
"1033","Ficedula","hyperythra"
"1034","Ficedula","luzoniensis"
"1035","Ficedula","mugimaki"
"1036","Ficedula","narcissina"
"1037","Ficedula","nigrorufa"
"1038","Ficedula","owstoni"
"1039","Ficedula","parva"
"1040","Ficedula","platenae"
"1041","Ficedula","ruficauda"
"1042","Ficedula","rufigula"
"1043","Ficedula","sapphira"
"1044","Ficedula","strophiata"
"1045","Ficedula","subrubra"
"1046","Ficedula","superciliaris"
"1047","Ficedula","timorensis"
"1048","Ficedula","tricolor"
"1049","Ficedula","westermanni"
"1050","Ficedula","zanthopygia"
"1051","Foudia","madagascariensis"
"1052","Francolinus","francolinus"
"1053","Francolinus","gularis"
"1054","Francolinus","pictus"
"1055","Francolinus","pintadeanus"
"1056","Francolinus","pondicerianus"
"1057","Fregata","andrewsi"
"1058","Fregata","ariel"
"1059","Fregata","minor"
"1060","Fregetta","tropica"
"1061","Fringilla","coelebs"
"1062","Fringilla","montifringilla"
"1063","Fulica","atra"
"1064","Fulvetta","cinereiceps"
"1065","Fulvetta","danisi"
"1066","Fulvetta","formosana"
"1067","Fulvetta","ludlowi"
"1068","Fulvetta","manipurensis"
"1069","Fulvetta","ruficapilla"
"1070","Fulvetta","striaticollis"
"1071","Fulvetta","vinipectus"
"1072","Galerida","cristata"
"1073","Galerida","deva"
"1074","Galerida","malabarica"
"1075","Gallicolumba","crinigera"
"1076","Gallicolumba","keayi"
"1077","Gallicolumba","luzonica"
"1078","Gallicolumba","menagei"
"1079","Gallicolumba","platenae"
"1080","Gallicolumba","tristigmata"
"1081","Gallicrex","cinerea"
"1082","Gallinago","gallinago"
"1083","Gallinago","hardwickii"
"1084","Gallinago","media"
"1085","Gallinago","megala"
"1086","Gallinago","nemoricola"
"1087","Gallinago","solitaria"
"1088","Gallinula","chloropus"
"1089","Gallinula","tenebrosa"
"1090","Gallirallus","calayanensis"
"1091","Galloperdix","bicalcarata"
"1092","Galloperdix","lunulata"
"1093","Galloperdix","spadicea"
"1094","Gallus","gallus"
"1095","Gallus","lafayettii"
"1096","Gallus","sonneratii"
"1097","Gallus","varius"
"1098","Gampsorhynchus","rufulus"
"1099","Gampsorhynchus","torquatus"
"1100","Garrulax","albogularis"
"1101","Garrulax","annamensis"
"1102","Garrulax","berthemyi"
"1103","Garrulax","bicolor"
"1104","Garrulax","bieti"
"1105","Garrulax","caerulatus"
"1106","Garrulax","calvus"
"1107","Garrulax","canorus"
"1108","Garrulax","castanotis"
"1109","Garrulax","chinensis"
"1110","Garrulax","cineraceus"
"1111","Garrulax","cinereiceps"
"1112","Garrulax","cinereifrons"
"1113","Garrulax","davidi"
"1114","Garrulax","delesserti"
"1115","Garrulax","ferrarius"
"1116","Garrulax","galbanus"
"1117","Garrulax","gularis"
"1118","Garrulax","konkakinhensis"
"1119","Garrulax","koslowi"
"1120","Garrulax","lanceolatus"
"1121","Garrulax","leucolophus"
"1122","Garrulax","lugubris"
"1123","Garrulax","lunulatus"
"1124","Garrulax","maesi"
"1125","Garrulax","maximus"
"1126","Garrulax","merulinus"
"1127","Garrulax","milleti"
"1128","Garrulax","mitratus"
"1129","Garrulax","monachus"
"1130","Garrulax","monileger"
"1131","Garrulax","nuchalis"
"1132","Garrulax","ocellatus"
"1133","Garrulax","palliatus"
"1134","Garrulax","pectoralis"
"1135","Garrulax","perspicillatus"
"1136","Garrulax","poecilorhynchus"
"1137","Garrulax","ruficeps"
"1138","Garrulax","ruficollis"
"1139","Garrulax","rufifrons"
"1140","Garrulax","rufogularis"
"1141","Garrulax","sannio"
"1142","Garrulax","strepitans"
"1143","Garrulax","sukatschewi"
"1144","Garrulax","taewanus"
"1145","Garrulax","treacheri"
"1146","Garrulax","vassali"
"1147","Garrulax","waddelli"
"1148","Garrulax","woodi"
"1149","Garrulus","bispecularis"
"1150","Garrulus","glandarius"
"1151","Garrulus","lanceolatus"
"1152","Garrulus","leucotis"
"1153","Gavia","adamsii"
"1154","Gavia","pacifica"
"1155","Gecinulus","grantia"
"1156","Gecinulus","viridis"
"1157","Gelochelidon","nilotica"
"1158","Geoffroyus","geoffroyi"
"1159","Geokichla","cinerea"
"1160","Geokichla","citrina"
"1161","Geokichla","dohertyi"
"1162","Geokichla","dumasi"
"1163","Geokichla","erythronota"
"1164","Geokichla","interpres"
"1165","Geokichla","leucolaema"
"1166","Geokichla","mendeni"
"1167","Geokichla","peronii"
"1168","Geokichla","spiloptera"
"1169","Geokichla","wardii"
"1170","Geomalia","heinrichi"
"1171","Geopelia","maugeus"
"1172","Geopelia","striata"
"1173","Gerygone","dorsalis"
"1174","Gerygone","inornata"
"1175","Gerygone","sulphurea"
"1176","Glareola","lactea"
"1177","Glareola","maldivarum"
"1178","Glareola","pratincola"
"1179","Glaucidium","brodiei"
"1180","Glaucidium","castanopterum"
"1181","Glaucidium","castanotum"
"1182","Glaucidium","cuculoides"
"1183","Glaucidium","radiatum"
"1184","Goodfellowia","miranda"
"1185","Gorsachius","goisagi"
"1186","Gorsachius","magnificus"
"1187","Gorsachius","melanolophus"
"1188","Gracula","indica"
"1189","Gracula","ptilogenys"
"1190","Gracula","religiosa"
"1191","Gracula","robusta"
"1192","Gracula","venerata"
"1193","Gracupica","contra"
"1194","Gracupica","jalla"
"1195","Gracupica","nigricollis"
"1196","Grallina","cyanoleuca"
"1197","Graminicola","bengalensis"
"1198","Graminicola","striatus"
"1199","Grammatoptila","striata"
"1200","Grandala","coelicolor"
"1201","Grus","grus"
"1202","Grus","japonensis"
"1203","Grus","monacha"
"1204","Grus","nigricollis"
"1205","Gygis","alba"
"1206","Gymnocrex","rosenbergii"
"1207","Gymnocrex","talaudensis"
"1208","Gymnophaps","mada"
"1209","Gymnoris","xanthocollis"
"1210","Gypaetus","barbatus"
"1211","Gyps","bengalensis"
"1212","Gyps","fulvus"
"1213","Gyps","himalayensis"
"1214","Gyps","indicus"
"1215","Gyps","tenuirostris"
"1216","Haematopus","ostralegus"
"1217","Haematortyx","sanguiniceps"
"1218","Halcyon","coromanda"
"1219","Halcyon","cyanoventris"
"1220","Halcyon","gularis"
"1221","Halcyon","pileata"
"1222","Halcyon","smyrnensis"
"1223","Haliaeetus","albicilla"
"1224","Haliaeetus","leucogaster"
"1225","Haliaeetus","leucoryphus"
"1226","Haliaeetus","pelagicus"
"1227","Haliastur","indus"
"1228","Harpactes","ardens"
"1229","Harpactes","diardii"
"1230","Harpactes","duvaucelii"
"1231","Harpactes","erythrocephalus"
"1232","Harpactes","fasciatus"
"1233","Harpactes","kasumba"
"1234","Harpactes","oreskios"
"1235","Harpactes","orrhophaeus"
"1236","Harpactes","wardi"
"1237","Harpactes","whiteheadi"
"1238","Heinrichia","calligyna"
"1239","Heinrichia","simplex"
"1240","Heleia","crassirostris"
"1241","Heleia","dohertyi"
"1242","Heleia","goodfellowi"
"1243","Heleia","javanica"
"1244","Heleia","muelleri"
"1245","Heleia","squamiceps"
"1246","Heleia","squamifrons"
"1247","Heleia","superciliaris"
"1248","Heleia","wallacei"
"1249","Heliopais","personatus"
"1250","Hemicircus","canente"
"1251","Hemicircus","concretus"
"1252","Hemicircus","sordidus"
"1253","Hemiprocne","comata"
"1254","Hemiprocne","coronata"
"1255","Hemiprocne","longipennis"
"1256","Hemiprocne","mystacea"
"1257","Hemipus","hirundinaceus"
"1258","Hemipus","picatus"
"1259","Hemitesia","pallidipes"
"1260","Hemixos","castanonotus"
"1261","Hemixos","cinereus"
"1262","Hemixos","connectens"
"1263","Hemixos","flavala"
"1264","Hemixos","leucogrammicus"
"1265","Heteroglaux","blewitti"
"1266","Heterophasia","auricularis"
"1267","Heterophasia","capistrata"
"1268","Heterophasia","desgodinsi"
"1269","Heterophasia","gracilis"
"1270","Heterophasia","melanoleuca"
"1271","Heterophasia","picaoides"
"1272","Heterophasia","pulchella"
"1273","Heteroscenes","pallidus"
"1274","Heteroxenicus","stellatus"
"1275","Hieraaetus","pennatus"
"1276","Hierococcyx","bocki"
"1277","Hierococcyx","fugax"
"1278","Hierococcyx","hyperythrus"
"1279","Hierococcyx","nisicolor"
"1280","Hierococcyx","pectoralis"
"1281","Hierococcyx","sparverioides"
"1282","Hierococcyx","vagans"
"1283","Hierococcyx","varius"
"1284","Himantopus","himantopus"
"1285","Hippolais","languida"
"1286","Hirundapus","caudacutus"
"1287","Hirundapus","celebensis"
"1288","Hirundapus","cochinchinensis"
"1289","Hirundapus","giganteus"
"1290","Hirundo","javanica"
"1291","Hirundo","rustica"
"1292","Hirundo","smithii"
"1293","Hodgsonius","phaenicuroides"
"1294","Horornis","acanthizoides"
"1295","Horornis","brunnescens"
"1296","Horornis","canturians"
"1297","Horornis","diphone"
"1298","Horornis","flavolivaceus"
"1299","Horornis","fortipes"
"1300","Horornis","seebohmi"
"1301","Houbaropsis","bengalensis"
"1302","Hydrobates","matsudairae"
"1303","Hydrobates","monorhis"
"1304","Hydrochous","gigas"
"1305","Hydrocoloeus","minutus"
"1306","Hydrophasianus","chirurgus"
"1307","Hydroprogne","caspia"
"1308","Hydrornis","baudii"
"1309","Hydrornis","caeruleus"
"1310","Hydrornis","cyaneus"
"1311","Hydrornis","elliotii"
"1312","Hydrornis","guajanus"
"1313","Hydrornis","gurneyi"
"1314","Hydrornis","irena"
"1315","Hydrornis","nipalensis"
"1316","Hydrornis","oatesi"
"1317","Hydrornis","phayrei"
"1318","Hydrornis","schneideri"
"1319","Hydrornis","schwaneri"
"1320","Hydrornis","soror"
"1321","Hylocitrea","bonensis"
"1322","Hylocitrea","bonthaina"
"1323","Hypocolius","ampelinus"
"1324","Hypocryptadius","cinnamomeus"
"1325","Hypotaenidia","philippensis"
"1326","Hypotaenidia","torquata"
"1327","Hypothymis","azurea"
"1328","Hypothymis","coelestis"
"1329","Hypothymis","helenae"
"1330","Hypothymis","puella"
"1331","Hypsipetes","amaurotis"
"1332","Hypsipetes","aureus"
"1333","Hypsipetes","catarmanensis"
"1334","Hypsipetes","everetti"
"1335","Hypsipetes","ganeesa"
"1336","Hypsipetes","harterti"
"1337","Hypsipetes","haynaldi"
"1338","Hypsipetes","leucocephalus"
"1339","Hypsipetes","longirostris"
"1340","Hypsipetes","mysticalis"
"1341","Hypsipetes","philippinus"
"1342","Hypsipetes","platenae"
"1343","Hypsipetes","rufigularis"
"1344","Hypsipetes","siquijorensis"
"1345","Hypsipetes","thompsoni"
"1346","Ibidorhyncha","struthersii"
"1347","Icthyophaga","humilis"
"1348","Icthyophaga","ichthyaetus"
"1349","Ictinaetus","malaiensis"
"1350","Iduna","caligata"
"1351","Iduna","pallida"
"1352","Iduna","rama"
"1353","Indicator","archipelagicus"
"1354","Indicator","xanthonotus"
"1355","Iole","charlottae"
"1356","Iole","finschii"
"1357","Iole","palawanensis"
"1358","Iole","propinqua"
"1359","Iole","viridescens"
"1360","Irania","gutturalis"
"1361","Irediparra","gallinacea"
"1362","Irena","cyanogastra"
"1363","Irena","puella"
"1364","Irena","tweeddalii"
"1365","Ithaginis","cruentus"
"1366","Ixidia","cyaniventris"
"1367","Ixidia","erythropthalmos"
"1368","Ixidia","squamata"
"1369","Ixobrychus","cinnamomeus"
"1370","Ixobrychus","eurhythmus"
"1371","Ixobrychus","flavicollis"
"1372","Ixobrychus","minutus"
"1373","Ixobrychus","sinensis"
"1374","Ixos","malaccensis"
"1375","Ixos","mcclellandii"
"1376","Ixos","nicobariensis"
"1377","Ixos","sumatranus"
"1378","Ixos","virescens"
"1379","Jynx","torquilla"
"1380","Kenopia","striata"
"1381","Ketupa","flavipes"
"1382","Ketupa","ketupu"
"1383","Ketupa","zeylonensis"
"1384","Kittacincla","albiventris"
"1385","Kittacincla","cebuensis"
"1386","Kittacincla","luzoniensis"
"1387","Kittacincla","malabarica"
"1388","Kittacincla","nigra"
"1389","Kittacincla","superciliaris"
"1390","Lacedo","melanops"
"1391","Lacedo","pulchella"
"1392","Lagopus","muta"
"1393","Lalage","fimbriata"
"1394","Lalage","leucopygialis"
"1395","Lalage","melanoleuca"
"1396","Lalage","melanoptera"
"1397","Lalage","melaschistos"
"1398","Lalage","minor"
"1399","Lalage","nigra"
"1400","Lalage","polioptera"
"1401","Lalage","sueurii"
"1402","Laniellus","albonotatus"
"1403","Laniellus","langbianis"
"1404","Lanius","bucephalus"
"1405","Lanius","collurioides"
"1406","Lanius","cristatus"
"1407","Lanius","excubitor"
"1408","Lanius","giganteus"
"1409","Lanius","isabellinus"
"1410","Lanius","minor"
"1411","Lanius","phoenicuroides"
"1412","Lanius","schach"
"1413","Lanius","sphenocercus"
"1414","Lanius","tephronotus"
"1415","Lanius","tigrinus"
"1416","Lanius","validirostris"
"1417","Lanius","vittatus"
"1418","Larus","brunnicephalus"
"1419","Larus","cachinnans"
"1420","Larus","crassirostris"
"1421","Larus","genei"
"1422","Larus","hemprichii"
"1423","Larus","hyperboreus"
"1424","Larus","ichthyaetus"
"1425","Larus","relictus"
"1426","Larus","ridibundus"
"1427","Larus","schistisagus"
"1428","Larus","smithsonianus"
"1429","Larvivora","akahige"
"1430","Larvivora","brunnea"
"1431","Larvivora","cyane"
"1432","Larvivora","ruficeps"
"1433","Larvivora","sibilans"
"1434","Laticilla","burnesii"
"1435","Laticilla","cinerascens"
"1436","Leiopicus","auriceps"
"1437","Leiopicus","mahrattensis"
"1438","Leioptila","annectens"
"1439","Leiothrix","argentauris"
"1440","Leiothrix","laurinae"
"1441","Leiothrix","lutea"
"1442","Leonardina","woodi"
"1443","Lepidogrammus","cumingi"
"1444","Leptocoma","aspasia"
"1445","Leptocoma","brasiliana"
"1446","Leptocoma","calcostetha"
"1447","Leptocoma","juliae"
"1448","Leptocoma","minima"
"1449","Leptocoma","sperata"
"1450","Leptocoma","zeylonica"
"1451","Leptopoecile","elegans"
"1452","Leptopoecile","sophiae"
"1453","Leptoptilos","dubius"
"1454","Leptoptilos","javanicus"
"1455","Lerwa","lerwa"
"1456","Leucogeranus","leucogeranus"
"1457","Leucopsar","rothschildi"
"1458","Leucosticte","arctoa"
"1459","Leucosticte","brandti"
"1460","Leucosticte","nemoricola"
"1461","Lewinia","mirifica"
"1462","Lewinia","pectoralis"
"1463","Lewinia","striata"
"1464","Lichmera","deningeri"
"1465","Lichmera","flavicans"
"1466","Lichmera","indistincta"
"1467","Lichmera","lombokia"
"1468","Lichmera","notabilis"
"1469","Lichmera","squamata"
"1470","Limnodromus","scolopaceus"
"1471","Limnodromus","semipalmatus"
"1472","Limosa","lapponica"
"1473","Linaria","cannabina"
"1474","Linaria","flavirostris"
"1475","Liocichla","bugunorum"
"1476","Liocichla","omeiensis"
"1477","Liocichla","phoenicea"
"1478","Liocichla","ripponi"
"1479","Liocichla","steerii"
"1480","Lioparus","chrysotis"
"1481","Locustella","accentor"
"1482","Locustella","alishanensis"
"1483","Locustella","amnicola"
"1484","Locustella","castanea"
"1485","Locustella","caudata"
"1486","Locustella","certhiola"
"1487","Locustella","chengi"
"1488","Locustella","davidi"
"1489","Locustella","fasciolata"
"1490","Locustella","fluviatilis"
"1491","Locustella","kashmirensis"
"1492","Locustella","lanceolata"
"1493","Locustella","luscinioides"
"1494","Locustella","luteoventris"
"1495","Locustella","major"
"1496","Locustella","mandelli"
"1497","Locustella","montis"
"1498","Locustella","naevia"
"1499","Locustella","pleskei"
"1500","Locustella","pryeri"
"1501","Locustella","seebohmi"
"1502","Locustella","tacsanowskia"
"1503","Locustella","thoracica"
"1504","Lonchura","atricapilla"
"1505","Lonchura","ferruginosa"
"1506","Lonchura","fuscans"
"1507","Lonchura","fuscata"
"1508","Lonchura","kelaarti"
"1509","Lonchura","leucogastra"
"1510","Lonchura","leucogastroides"
"1511","Lonchura","maja"
"1512","Lonchura","malacca"
"1513","Lonchura","molucca"
"1514","Lonchura","oryzivora"
"1515","Lonchura","pallida"
"1516","Lonchura","punctulata"
"1517","Lonchura","quinticolor"
"1518","Lonchura","striata"
"1519","Lophophanes","dichrous"
"1520","Lophophorus","impejanus"
"1521","Lophophorus","lhuysii"
"1522","Lophophorus","sclateri"
"1523","Lophotriorchis","kienerii"
"1524","Lophura","bulweri"
"1525","Lophura","diardi"
"1526","Lophura","edwardsi"
"1527","Lophura","erythrophthalma"
"1528","Lophura","ignita"
"1529","Lophura","inornata"
"1530","Lophura","leucomelanos"
"1531","Lophura","nycthemera"
"1532","Lophura","pyronota"
"1533","Lophura","rufa"
"1534","Lophura","swinhoii"
"1535","Loriculus","beryllinus"
"1536","Loriculus","catamene"
"1537","Loriculus","exilis"
"1538","Loriculus","flosculus"
"1539","Loriculus","galgulus"
"1540","Loriculus","philippensis"
"1541","Loriculus","pusillus"
"1542","Loriculus","sclateri"
"1543","Loriculus","stigmatus"
"1544","Loriculus","vernalis"
"1545","Loxia","curvirostra"
"1546","Luscinia","megarhynchos"
"1547","Lymnocryptes","minimus"
"1548","Lyncornis","macrotis"
"1549","Lyncornis","temminckii"
"1550","Macheiramphus","alcinus"
"1551","Machlolophus","holsti"
"1552","Machlolophus","nuchalis"
"1553","Machlolophus","spilonotus"
"1554","Machlolophus","xanthogenys"
"1555","Macrocephalon","maleo"
"1556","Macronus","ptilosus"
"1557","Macronus","striaticeps"
"1558","Macropygia","amboinensis"
"1559","Macropygia","emiliana"
"1560","Macropygia","macassariensis"
"1561","Macropygia","magna"
"1562","Macropygia","ruficeps"
"1563","Macropygia","rufipennis"
"1564","Macropygia","tenuirostris"
"1565","Macropygia","unchall"
"1566","Madanga","ruficollis"
"1567","Malacocincla","abbotti"
"1568","Malacocincla","perspicillata"
"1569","Malacocincla","sepiaria"
"1570","Malacopteron","affine"
"1571","Malacopteron","albogulare"
"1572","Malacopteron","cinereum"
"1573","Malacopteron","magnirostre"
"1574","Malacopteron","magnum"
"1575","Malacopteron","palawanense"
"1576","Malia","grata"
"1577","Malindangia","mcgregori"
"1578","Mareca","strepera"
"1579","Marmaronetta","angustirostris"
"1580","Mearnsia","picina"
"1581","Megaceryle","lugubris"
"1582","Megalurus","palustris"
"1583","Megapodius","bernsteinii"
"1584","Megapodius","cumingii"
"1585","Megapodius","freycinet"
"1586","Megapodius","nicobariensis"
"1587","Megapodius","reinwardt"
"1588","Meiglyptes","grammithorax"
"1589","Meiglyptes","jugularis"
"1590","Meiglyptes","tristis"
"1591","Meiglyptes","tukki"
"1592","Melanitta","americana"
"1593","Melanochlora","sultanea"
"1594","Melanocorypha","bimaculata"
"1595","Melanocorypha","calandra"
"1596","Melanocorypha","maxima"
"1597","Melanocorypha","mongolica"
"1598","Melanoperdix","niger"
"1599","Melopsittacus","undulatus"
"1600","Mergellus","albellus"
"1601","Mergus","merganser"
"1602","Mergus","squamatus"
"1603","Meropogon","forsteni"
"1604","Merops","americanus"
"1605","Merops","apiaster"
"1606","Merops","leschenaulti"
"1607","Merops","orientalis"
"1608","Merops","ornatus"
"1609","Merops","persicus"
"1610","Merops","philippinus"
"1611","Merops","viridis"
"1612","Metopidius","indicus"
"1613","Microcarbo","melanoleucos"
"1614","Microcarbo","niger"
"1615","Microcarbo","pygmaeus"
"1616","Microhierax","caerulescens"
"1617","Microhierax","erythrogenys"
"1618","Microhierax","fringillarius"
"1619","Microhierax","latifrons"
"1620","Microhierax","melanoleucos"
"1621","Micromacronus","leytensis"
"1622","Micromacronus","sordidus"
"1623","Micropsitta","bruijnii"
"1624","Micropternus","brachyurus"
"1625","Microptilotis","reticulatus"
"1626","Microtarsus","melanoleucos"
"1627","Milvus","migrans"
"1628","Minla","ignotincta"
"1629","Mirafra","affinis"
"1630","Mirafra","assamica"
"1631","Mirafra","erythrocephala"
"1632","Mirafra","erythroptera"
"1633","Mirafra","javanica"
"1634","Mirafra","microptera"
"1635","Mixornis","bornensis"
"1636","Mixornis","flavicollis"
"1637","Mixornis","gularis"
"1638","Mixornis","kelleyi"
"1639","Mixornis","prillwitzi"
"1640","Monarcha","cinerascens"
"1641","Montecincla","cachinnans"
"1642","Montecincla","fairbanki"
"1643","Montecincla","jerdoni"
"1644","Montecincla","meridionalis"
"1645","Monticola","cinclorhyncha"
"1646","Monticola","gularis"
"1647","Monticola","rufiventris"
"1648","Monticola","saxatilis"
"1649","Monticola","solitarius"
"1650","Montifringilla","adamsi"
"1651","Montifringilla","henrici"
"1652","Montifringilla","nivalis"
"1653","Motacilla","alba"
"1654","Motacilla","cinerea"
"1655","Motacilla","citreola"
"1656","Motacilla","flava"
"1657","Motacilla","maderaspatensis"
"1658","Motacilla","samveasnae"
"1659","Motacilla","tschutschensis"
"1660","Moupinia","poecilotis"
"1661","Mulleripicus","fuliginosus"
"1662","Mulleripicus","fulvus"
"1663","Mulleripicus","funebris"
"1664","Mulleripicus","pulverulentus"
"1665","Muscicapa","dauurica"
"1666","Muscicapa","ferruginea"
"1667","Muscicapa","griseisticta"
"1668","Muscicapa","muttui"
"1669","Muscicapa","randi"
"1670","Muscicapa","segregata"
"1671","Muscicapa","sibirica"
"1672","Muscicapa","striata"
"1673","Mycerobas","affinis"
"1674","Mycerobas","carnipes"
"1675","Mycerobas","icterioides"
"1676","Mycerobas","melanozanthos"
"1677","Mycteria","cinerea"
"1678","Mycteria","leucocephala"
"1679","Myiagra","galeata"
"1680","Myiagra","ruficollis"
"1681","Myiomela","cambodiana"
"1682","Myiomela","diana"
"1683","Myiomela","leucura"
"1684","Myophonus","blighi"
"1685","Myophonus","borneensis"
"1686","Myophonus","caeruleus"
"1687","Myophonus","castaneus"
"1688","Myophonus","glaucinus"
"1689","Myophonus","horsfieldii"
"1690","Myophonus","insularis"
"1691","Myophonus","melanurus"
"1692","Myophonus","robinsoni"
"1693","Myza","celebensis"
"1694","Myza","sarasinorum"
"1695","Myzomela","chloroptera"
"1696","Myzomela","dammermani"
"1697","Myzomela","kuehni"
"1698","Myzomela","vulnerata"
"1699","Myzomela","wakoloensis"
"1700","Myzornis","pyrrhoura"
"1701","Napothera","epilepidota"
"1702","Neophron","percnopterus"
"1703","Neosuthora","davidiana"
"1704","Nesoenas","picturatus"
"1705","Netta","rufina"
"1706","Nettapus","coromandelianus"
"1707","Nettapus","pulchellus"
"1708","Niltava","davidi"
"1709","Niltava","grandis"
"1710","Niltava","macgrigoriae"
"1711","Niltava","oatesi"
"1712","Niltava","sumatrana"
"1713","Niltava","sundara"
"1714","Niltava","vivida"
"1715","Ninox","affinis"
"1716","Ninox","boobook"
"1717","Ninox","burhani"
"1718","Ninox","hantu"
"1719","Ninox","ios"
"1720","Ninox","japonica"
"1721","Ninox","leventisi"
"1722","Ninox","mindorensis"
"1723","Ninox","natalis"
"1724","Ninox","obscura"
"1725","Ninox","ochracea"
"1726","Ninox","philippensis"
"1727","Ninox","punctulata"
"1728","Ninox","randi"
"1729","Ninox","reyi"
"1730","Ninox","rudolfi"
"1731","Ninox","rumseyi"
"1732","Ninox","scutulata"
"1733","Ninox","spilocephala"
"1734","Ninox","spilonotus"
"1735","Ninox","sumbaensis"
"1736","Nipponia","nippon"
"1737","Nisaetus","alboniger"
"1738","Nisaetus","bartelsi"
"1739","Nisaetus","cirrhatus"
"1740","Nisaetus","floris"
"1741","Nisaetus","lanceolatus"
"1742","Nisaetus","nanus"
"1743","Nisaetus","nipalensis"
"1744","Nisaetus","philippensis"
"1745","Nisaetus","pinskeri"
"1746","Nok","hualon"
"1747","Nucifraga","caryocatactes"
"1748","Nucifraga","hemispila"
"1749","Nucifraga","multipunctata"
"1750","Numenius","phaeopus"
"1751","Nycticorax","caledonicus"
"1752","Nycticorax","nycticorax"
"1753","Nyctyornis","amictus"
"1754","Nyctyornis","athertoni"
"1755","Oceanites","oceanicus"
"1756","Ocyceros","birostris"
"1757","Ocyceros","gingalensis"
"1758","Ocyceros","griseus"
"1759","Oenanthe","albonigra"
"1760","Oenanthe","chrysopygia"
"1761","Oenanthe","deserti"
"1762","Oenanthe","finschii"
"1763","Oenanthe","fusca"
"1764","Oenanthe","isabellina"
"1765","Oenanthe","monacha"
"1766","Oenanthe","oenanthe"
"1767","Oenanthe","picata"
"1768","Oenanthe","pleschanka"
"1769","Onychoprion","aleuticus"
"1770","Onychoprion","anaethetus"
"1771","Onychoprion","fuscatus"
"1772","Onychostruthus","taczanowskii"
"1773","Ophrysia","superciliosa"
"1774","Oriolus","albiloris"
"1775","Oriolus","bouroensis"
"1776","Oriolus","chinensis"
"1777","Oriolus","consanguineus"
"1778","Oriolus","cruentus"
"1779","Oriolus","finschi"
"1780","Oriolus","hosii"
"1781","Oriolus","isabellae"
"1782","Oriolus","kundoo"
"1783","Oriolus","melanotis"
"1784","Oriolus","mellianus"
"1785","Oriolus","steerii"
"1786","Oriolus","tenuirostris"
"1787","Oriolus","traillii"
"1788","Oriolus","xanthonotus"
"1789","Oriolus","xanthornus"
"1790","Orthotomus","atrogularis"
"1791","Orthotomus","castaneiceps"
"1792","Orthotomus","chaktomuk"
"1793","Orthotomus","chloronotus"
"1794","Orthotomus","cinereiceps"
"1795","Orthotomus","derbianus"
"1796","Orthotomus","frontalis"
"1797","Orthotomus","nigriceps"
"1798","Orthotomus","ruficeps"
"1799","Orthotomus","samarensis"
"1800","Orthotomus","sepium"
"1801","Orthotomus","sericeus"
"1802","Orthotomus","sutorius"
"1803","Otis","tarda"
"1804","Otocichla","mupinensis"
"1805","Otus","alfredi"
"1806","Otus","alius"
"1807","Otus","angelinae"
"1808","Otus","bakkamoena"
"1809","Otus","balli"
"1810","Otus","brookii"
"1811","Otus","brucei"
"1812","Otus","collari"
"1813","Otus","elegans"
"1814","Otus","enganensis"
"1815","Otus","everetti"
"1816","Otus","fuliginosus"
"1817","Otus","gurneyi"
"1818","Otus","jolandae"
"1819","Otus","lempiji"
"1820","Otus","lettia"
"1821","Otus","longicornis"
"1822","Otus","magicus"
"1823","Otus","manadensis"
"1824","Otus","mantananensis"
"1825","Otus","megalotis"
"1826","Otus","mendeni"
"1827","Otus","mentawi"
"1828","Otus","mindorensis"
"1829","Otus","mirus"
"1830","Otus","nigrorum"
"1831","Otus","rufescens"
"1832","Otus","sagittatus"
"1833","Otus","scops"
"1834","Otus","semitorques"
"1835","Otus","siaoensis"
"1836","Otus","silvicola"
"1837","Otus","spilocephalus"
"1838","Otus","sulaensis"
"1839","Otus","sunia"
"1840","Otus","tempestatis"
"1841","Otus","thilohoffmanni"
"1842","Otus","umbra"
"1843","Oxyura","leucocephala"
"1844","Pachycephala","albiventris"
"1845","Pachycephala","cinerea"
"1846","Pachycephala","fulvotincta"
"1847","Pachycephala","griseonota"
"1848","Pachycephala","homeyeri"
"1849","Pachycephala","hypoxantha"
"1850","Pachycephala","nudigula"
"1851","Pachycephala","orpheus"
"1852","Pachycephala","pectoralis"
"1853","Pachycephala","phaionota"
"1854","Pachycephala","philippinensis"
"1855","Pachycephala","sulfuriventer"
"1856","Pachycephala","teysmanni"
"1857","Pachyptila","vittata"
"1858","Pandion","haliaetus"
"1859","Panurus","biarmicus"
"1860","Papasula","abbotti"
"1861","Paradoxornis","flavirostris"
"1862","Paradoxornis","guttaticollis"
"1863","Paradoxornis","heudei"
"1864","Pardaliparus","amabilis"
"1865","Pardaliparus","elegans"
"1866","Pardaliparus","venustulus"
"1867","Parus","major"
"1868","Parus","monticolus"
"1869","Passer","ammodendri"
"1870","Passer","cinnamomeus"
"1871","Passer","domesticus"
"1872","Passer","flaveolus"
"1873","Passer","hispaniolensis"
"1874","Passer","montanus"
"1875","Passer","pyrrhonotus"
"1876","Pastor","roseus"
"1877","Pavo","cristatus"
"1878","Pavo","muticus"
"1879","Pelagodroma","marina"
"1880","Pelargopsis","amauroptera"
"1881","Pelargopsis","capensis"
"1882","Pelargopsis","melanorhyncha"
"1883","Pelecanus","conspicillatus"
"1884","Pelecanus","crispus"
"1885","Pelecanus","onocrotalus"
"1886","Pelecanus","philippensis"
"1887","Pellorneum","albiventre"
"1888","Pellorneum","capistratum"
"1889","Pellorneum","fuscocapillus"
"1890","Pellorneum","nigrocapitatum"
"1891","Pellorneum","palustre"
"1892","Pellorneum","ruficeps"
"1893","Penelopides","affinis"
"1894","Penelopides","manillae"
"1895","Penelopides","mindorensis"
"1896","Penelopides","panini"
"1897","Perdicula","argoondah"
"1898","Perdicula","asiatica"
"1899","Perdicula","erythrorhyncha"
"1900","Perdicula","manipurensis"
"1901","Perdix","dauurica"
"1902","Perdix","hodgsoniae"
"1903","Pericrocotus","albifrons"
"1904","Pericrocotus","brevirostris"
"1905","Pericrocotus","cantonensis"
"1906","Pericrocotus","cinnamomeus"
"1907","Pericrocotus","divaricatus"
"1908","Pericrocotus","erythropygius"
"1909","Pericrocotus","ethologus"
"1910","Pericrocotus","flammeus"
"1911","Pericrocotus","igneus"
"1912","Pericrocotus","lansbergei"
"1913","Pericrocotus","miniatus"
"1914","Pericrocotus","montanus"
"1915","Pericrocotus","roseus"
"1916","Pericrocotus","solaris"
"1917","Pericrocotus","tegimae"
"1918","Periparus","ater"
"1919","Periparus","rubidiventris"
"1920","Periparus","rufonuchalis"
"1921","Perisoreus","internigrans"
"1922","Pernis","celebensis"
"1923","Pernis","ptilorhynchus"
"1924","Pernis","steerei"
"1925","Petrochelidon","fluvicola"
"1926","Petrochelidon","nigricans"
"1927","Petronia","petronia"
"1928","Phaenicophaeus","curvirostris"
"1929","Phaenicophaeus","diardi"
"1930","Phaenicophaeus","oeneicaudus"
"1931","Phaenicophaeus","pyrrhocephalus"
"1932","Phaenicophaeus","sumatranus"
"1933","Phaenicophaeus","tristis"
"1934","Phaenicophaeus","viridirostris"
"1935","Phaethon","aethereus"
"1936","Phaethon","lepturus"
"1937","Phaethon","rubricauda"
"1938","Phalacrocorax","capillatus"
"1939","Phalacrocorax","carbo"
"1940","Phalacrocorax","fuscicollis"
"1941","Phalacrocorax","sulcirostris"
"1942","Phalaropus","lobatus"
"1943","Phapitreron","amethystinus"
"1944","Phapitreron","brevirostris"
"1945","Phapitreron","brunneiceps"
"1946","Phapitreron","cinereiceps"
"1947","Phapitreron","frontalis"
"1948","Phapitreron","leucotis"
"1949","Phapitreron","maculipectus"
"1950","Phapitreron","nigrorum"
"1951","Phasianus","colchicus"
"1952","Philemon","buceroides"
"1953","Philemon","inornatus"
"1954","Philemon","moluccensis"
"1955","Philentoma","pyrhoptera"
"1956","Philentoma","velata"
"1957","Phodilus","assimilis"
"1958","Phodilus","badius"
"1959","Phoebastria","albatrus"
"1960","Phoebastria","immutabilis"
"1961","Phoebastria","nigripes"
"1962","Phoeniconaias","minor"
"1963","Phoenicopterus","roseus"
"1964","Phoenicurus","alaschanicus"
"1965","Phoenicurus","auroreus"
"1966","Phoenicurus","bicolor"
"1967","Phoenicurus","coeruleocephala"
"1968","Phoenicurus","erythrogastrus"
"1969","Phoenicurus","erythronotus"
"1970","Phoenicurus","frontalis"
"1971","Phoenicurus","fuliginosus"
"1972","Phoenicurus","hodgsoni"
"1973","Phoenicurus","leucocephalus"
"1974","Phoenicurus","ochruros"
"1975","Phoenicurus","phoenicurus"
"1976","Phoenicurus","schisticeps"
"1977","Phyllergates","cucullatus"
"1978","Phyllergates","heterolaemus"
"1979","Phylloscopus","affinis"
"1980","Phylloscopus","armandii"
"1981","Phylloscopus","borealis"
"1982","Phylloscopus","burkii"
"1983","Phylloscopus","calciatilis"
"1984","Phylloscopus","cantator"
"1985","Phylloscopus","castaniceps"
"1986","Phylloscopus","cebuensis"
"1987","Phylloscopus","chloronotus"
"1988","Phylloscopus","claudiae"
"1989","Phylloscopus","collybita"
"1990","Phylloscopus","coronatus"
"1991","Phylloscopus","emeiensis"
"1992","Phylloscopus","examinandus"
"1993","Phylloscopus","forresti"
"1994","Phylloscopus","fuligiventer"
"1995","Phylloscopus","fuscatus"
"1996","Phylloscopus","goodsoni"
"1997","Phylloscopus","grammiceps"
"1998","Phylloscopus","griseolus"
"1999","Phylloscopus","hainanus"
"2000","Phylloscopus","humei"
"2001","Phylloscopus","intensior"
"2002","Phylloscopus","intermedius"
"2003","Phylloscopus","kansuensis"
"2004","Phylloscopus","maculipennis"
"2005","Phylloscopus","magnirostris"
"2006","Phylloscopus","montis"
"2007","Phylloscopus","neglectus"
"2008","Phylloscopus","nitidus"
"2009","Phylloscopus","occipitalis"
"2010","Phylloscopus","ogilviegranti"
"2011","Phylloscopus","olivaceus"
"2012","Phylloscopus","omeiensis"
"2013","Phylloscopus","plumbeitarsus"
"2014","Phylloscopus","poliocephalus"
"2015","Phylloscopus","poliogenys"
"2016","Phylloscopus","presbytes"
"2017","Phylloscopus","proregulus"
"2018","Phylloscopus","pulcher"
"2019","Phylloscopus","reguloides"
"2020","Phylloscopus","ricketti"
"2021","Phylloscopus","rotiensis"
"2022","Phylloscopus","sarasinorum"
"2023","Phylloscopus","schwarzi"
"2024","Phylloscopus","sindianus"
"2025","Phylloscopus","soror"
"2026","Phylloscopus","subaffinis"
"2027","Phylloscopus","subviridis"
"2028","Phylloscopus","sumatrensis"
"2029","Phylloscopus","tenellipes"
"2030","Phylloscopus","tephrocephalus"
"2031","Phylloscopus","tristis"
"2032","Phylloscopus","trivirgatus"
"2033","Phylloscopus","trochiloides"
"2034","Phylloscopus","trochilus"
"2035","Phylloscopus","tytleri"
"2036","Phylloscopus","valentini"
"2037","Phylloscopus","whistleri"
"2038","Phylloscopus","xanthodryas"
"2039","Phylloscopus","xanthoschistos"
"2040","Phylloscopus","yunnanensis"
"2041","Pica","pica"
"2042","Picoides","canicapillus"
"2043","Picoides","funebris"
"2044","Picoides","kizuki"
"2045","Picoides","maculatus"
"2046","Picoides","moluccensis"
"2047","Picoides","nanus"
"2048","Picoides","ramsayi"
"2049","Picoides","temminckii"
"2050","Picumnus","innominatus"
"2051","Picus","canus"
"2052","Picus","chlorolophus"
"2053","Picus","dedemi"
"2054","Picus","erythropygius"
"2055","Picus","guerini"
"2056","Picus","puniceus"
"2057","Picus","rabieri"
"2058","Picus","squamatus"
"2059","Picus","viridanus"
"2060","Picus","vittatus"
"2061","Picus","xanthopygaeus"
"2062","Pithecophaga","jefferyi"
"2063","Pitta","brachyura"
"2064","Pitta","elegans"
"2065","Pitta","megarhyncha"
"2066","Pitta","moluccensis"
"2067","Pitta","nympha"
"2068","Pitta","sordida"
"2069","Pitta","steerii"
"2070","Pityriasis","gymnocephala"
"2071","Platalea","leucorodia"
"2072","Platalea","regia"
"2073","Platylophus","galericulatus"
"2074","Platysmurus","aterrimus"
"2075","Platysmurus","leucopterus"
"2076","Plegadis","falcinellus"
"2077","Ploceus","benghalensis"
"2078","Ploceus","hypoxanthus"
"2079","Ploceus","intermedius"
"2080","Ploceus","manyar"
"2081","Ploceus","megarhynchus"
"2082","Ploceus","philippinus"
"2083","Pluvialis","squatarola"
"2084","Pnoepyga","albiventer"
"2085","Pnoepyga","formosana"
"2086","Pnoepyga","immaculata"
"2087","Pnoepyga","pusilla"
"2088","Podiceps","cristatus"
"2089","Podiceps","grisegena"
"2090","Podiceps","nigricollis"
"2091","Podoces","biddulphi"
"2092","Poecile","davidi"
"2093","Poecile","hypermelaenus"
"2094","Poecile","montanus"
"2095","Poecile","palustris"
"2096","Poecile","superciliosus"
"2097","Poecile","weigoldicus"
"2098","Polihierax","insignis"
"2099","Poliolophus","urostictus"
"2100","Polyplectron","bicalcaratum"
"2101","Polyplectron","chalcurum"
"2102","Polyplectron","germaini"
"2103","Polyplectron","inopinatum"
"2104","Polyplectron","katsumatae"
"2105","Polyplectron","malacense"
"2106","Polyplectron","napoleonis"
"2107","Polyplectron","schleiermacheri"
"2108","Pomatorhinus","ferruginosus"
"2109","Pomatorhinus","horsfieldii"
"2110","Pomatorhinus","melanurus"
"2111","Pomatorhinus","montanus"
"2112","Pomatorhinus","musicus"
"2113","Pomatorhinus","ochraceiceps"
"2114","Pomatorhinus","phayrei"
"2115","Pomatorhinus","ruficollis"
"2116","Pomatorhinus","schisticeps"
"2117","Pomatorhinus","superciliaris"
"2118","Porphyrio","porphyrio"
"2119","Porzana","porzana"
"2120","Prinia","atrogularis"
"2121","Prinia","buchanani"
"2122","Prinia","cinereocapilla"
"2123","Prinia","crinigera"
"2124","Prinia","familiaris"
"2125","Prinia","flaviventris"
"2126","Prinia","gracilis"
"2127","Prinia","hodgsonii"
"2128","Prinia","inornata"
"2129","Prinia","khasiana"
"2130","Prinia","polychroa"
"2131","Prinia","rufescens"
"2132","Prinia","socialis"
"2133","Prinia","sonitans"
"2134","Prinia","superciliaris"
"2135","Prinia","sylvatica"
"2136","Prioniturus","discurus"
"2137","Prioniturus","flavicans"
"2138","Prioniturus","luconensis"
"2139","Prioniturus","mada"
"2140","Prioniturus","mindorensis"
"2141","Prioniturus","montanus"
"2142","Prioniturus","platenae"
"2143","Prioniturus","platurus"
"2144","Prioniturus","verticalis"
"2145","Prioniturus","waterstradti"
"2146","Prionochilus","maculatus"
"2147","Prionochilus","olivaceus"
"2148","Prionochilus","percussus"
"2149","Prionochilus","plateni"
"2150","Prionochilus","thoracicus"
"2151","Prionochilus","xanthopygius"
"2152","Procarduelis","nipalensis"
"2153","Prunella","atrogularis"
"2154","Prunella","collaris"
"2155","Prunella","fulvescens"
"2156","Prunella","himalayana"
"2157","Prunella","immaculata"
"2158","Prunella","montanella"
"2159","Prunella","rubeculoides"
"2160","Prunella","strophiata"
"2161","Psaltria","exilis"
"2162","Psarisomus","dalhousiae"
"2163","Pseudibis","davisoni"
"2164","Pseudibis","papillosa"
"2165","Pseudopodoces","humilis"
"2166","Psilopogon","annamensis"
"2167","Psilopogon","armillaris"
"2168","Psilopogon","asiaticus"
"2169","Psilopogon","auricularis"
"2170","Psilopogon","australis"
"2171","Psilopogon","chersonesus"
"2172","Psilopogon","chrysopogon"
"2173","Psilopogon","corvinus"
"2174","Psilopogon","cyanotis"
"2175","Psilopogon","duvaucelii"
"2176","Psilopogon","eximius"
"2177","Psilopogon","faber"
"2178","Psilopogon","faiostrictus"
"2179","Psilopogon","flavifrons"
"2180","Psilopogon","franklinii"
"2181","Psilopogon","haemacephalus"
"2182","Psilopogon","henricii"
"2183","Psilopogon","incognitus"
"2184","Psilopogon","javensis"
"2185","Psilopogon","lagrandieri"
"2186","Psilopogon","lineatus"
"2187","Psilopogon","malabaricus"
"2188","Psilopogon","monticola"
"2189","Psilopogon","mystacophanos"
"2190","Psilopogon","nuchalis"
"2191","Psilopogon","oorti"
"2192","Psilopogon","pulcherrimus"
"2193","Psilopogon","pyrolophus"
"2194","Psilopogon","rafflesii"
"2195","Psilopogon","rubricapillus"
"2196","Psilopogon","virens"
"2197","Psilopogon","viridis"
"2198","Psilopogon","zeylanicus"
"2199","Psittacula","alexandri"
"2200","Psittacula","calthrapae"
"2201","Psittacula","caniceps"
"2202","Psittacula","columboides"
"2203","Psittacula","cyanocephala"
"2204","Psittacula","derbiana"
"2205","Psittacula","eupatria"
"2206","Psittacula","finschii"
"2207","Psittacula","himalayana"
"2208","Psittacula","krameri"
"2209","Psittacula","longicauda"
"2210","Psittacula","roseata"
"2211","Psitteuteles","iris"
"2212","Psittinus","abbotti"
"2213","Psittinus","cyanurus"
"2214","Psittiparus","bakeri"
"2215","Psittiparus","gularis"
"2216","Psittiparus","margaritae"
"2217","Psittiparus","ruficeps"
"2218","Pterocles","alchata"
"2219","Pterocles","coronatus"
"2220","Pterocles","exustus"
"2221","Pterocles","indicus"
"2222","Pterocles","lichtensteinii"
"2223","Pterocles","orientalis"
"2224","Pterocles","senegallus"
"2225","Pterodroma","arminjoniana"
"2226","Pterodroma","baraui"
"2227","Pterodroma","hypoleuca"
"2228","Pteruthius","aenobarbus"
"2229","Pteruthius","aeralatus"
"2230","Pteruthius","flaviscapis"
"2231","Pteruthius","melanotis"
"2232","Pteruthius","rufiventer"
"2233","Pteruthius","xanthochlorus"
"2234","Ptilinopus","arcanus"
"2235","Ptilinopus","cinctus"
"2236","Ptilinopus","dohertyi"
"2237","Ptilinopus","melanospilus"
"2238","Ptilinopus","porphyreus"
"2239","Ptilinopus","regina"
"2240","Ptilinopus","rivoli"
"2241","Ptilinopus","superbus"
"2242","Ptilinopus","temminckii"
"2243","Ptilinopus","viridis"
"2244","Ptilocichla","falcata"
"2245","Ptilocichla","leucogrammica"
"2246","Ptilocichla","mindanensis"
"2247","Ptyonoprogne","concolor"
"2248","Ptyonoprogne","obsoleta"
"2249","Ptyonoprogne","rupestris"
"2250","Pucrasia","macrolopha"
"2251","Puffinus","bailloni"
"2252","Puffinus","persicus"
"2253","Pycnonotus","aurigaster"
"2254","Pycnonotus","bimaculatus"
"2255","Pycnonotus","blanfordi"
"2256","Pycnonotus","brunneus"
"2257","Pycnonotus","cafer"
"2258","Pycnonotus","cinereifrons"
"2259","Pycnonotus","davisoni"
"2260","Pycnonotus","finlaysoni"
"2261","Pycnonotus","flavescens"
"2262","Pycnonotus","goiavier"
"2263","Pycnonotus","jocosus"
"2264","Pycnonotus","leucogenys"
"2265","Pycnonotus","leucops"
"2266","Pycnonotus","leucotis"
"2267","Pycnonotus","luteolus"
"2268","Pycnonotus","nieuwenhuisii"
"2269","Pycnonotus","penicillatus"
"2270","Pycnonotus","plumosus"
"2271","Pycnonotus","pseudosimplex"
"2272","Pycnonotus","simplex"
"2273","Pycnonotus","sinensis"
"2274","Pycnonotus","snouckaerti"
"2275","Pycnonotus","taivanus"
"2276","Pycnonotus","tympanistrigus"
"2277","Pycnonotus","xantholaemus"
"2278","Pycnonotus","xanthorrhous"
"2279","Pycnonotus","zeylanicus"
"2280","Pyrgilauda","blanfordi"
"2281","Pyrgilauda","davidiana"
"2282","Pyrgilauda","ruficollis"
"2283","Pyrgilauda","theresae"
"2284","Pyrrhocorax","graculus"
"2285","Pyrrhocorax","pyrrhocorax"
"2286","Pyrrhoplectes","epauletta"
"2287","Pyrrhula","aurantiaca"
"2288","Pyrrhula","erythaca"
"2289","Pyrrhula","erythrocephala"
"2290","Pyrrhula","leucogenis"
"2291","Pyrrhula","nipalensis"
"2292","Pyrrhula","pyrrhula"
"2293","Pyrrhula","waterstradti"
"2294","Radjah","radjah"
"2295","Rallina","canningi"
"2296","Rallina","eurizonoides"
"2297","Rallina","fasciata"
"2298","Rallus","aquaticus"
"2299","Rallus","indicus"
"2300","Ramphiculus","epius"
"2301","Ramphiculus","fischeri"
"2302","Ramphiculus","jambu"
"2303","Ramphiculus","leclancheri"
"2304","Ramphiculus","mangoliensis"
"2305","Ramphiculus","marchei"
"2306","Ramphiculus","meridionalis"
"2307","Ramphiculus","merrilli"
"2308","Ramphiculus","occipitalis"
"2309","Ramphiculus","subgularis"
"2310","Recurvirostra","avosetta"
"2311","Regulus","goodfellowi"
"2312","Regulus","regulus"
"2313","Reinwardtoena","reinwardti"
"2314","Remiz","consobrinus"
"2315","Remiz","coronatus"
"2316","Remiz","pendulinus"
"2317","Rhabdornis","grandis"
"2318","Rhabdornis","inornatus"
"2319","Rhabdornis","mystacalis"
"2320","Rhabdornis","rabori"
"2321","Rhabdotorrhinus","corrugatus"
"2322","Rhabdotorrhinus","exarhatus"
"2323","Rhabdotorrhinus","leucocephalus"
"2324","Rhabdotorrhinus","waldeni"
"2325","Rhamphococcyx","calyorhynchus"
"2326","Rhaphidura","leucopygialis"
"2327","Rheinardia","ocellata"
"2328","Rhinoplax","vigil"
"2329","Rhinoptilus","bitorquatus"
"2330","Rhinortha","chlorophaea"
"2331","Rhipidura","albicollis"
"2332","Rhipidura","albiventris"
"2333","Rhipidura","albogularis"
"2334","Rhipidura","aureola"
"2335","Rhipidura","bouruensis"
"2336","Rhipidura","cyaniceps"
"2337","Rhipidura","diluta"
"2338","Rhipidura","dryas"
"2339","Rhipidura","euryura"
"2340","Rhipidura","javanica"
"2341","Rhipidura","leucophrys"
"2342","Rhipidura","nigritorquis"
"2343","Rhipidura","nigrocinnamomea"
"2344","Rhipidura","perlata"
"2345","Rhipidura","phoenicura"
"2346","Rhipidura","rufiventris"
"2347","Rhipidura","samarensis"
"2348","Rhipidura","sauli"
"2349","Rhipidura","superciliaris"
"2350","Rhipidura","superflua"
"2351","Rhipidura","tenkatei"
"2352","Rhipidura","teysmanni"
"2353","Rhizothera","dulitensis"
"2354","Rhizothera","longirostris"
"2355","Rhodonessa","caryophyllacea"
"2356","Rhodopechys","sanguineus"
"2357","Rhodospiza","obsoleta"
"2358","Rhopocichla","atriceps"
"2359","Rhopophilus","albosuperciliaris"
"2360","Rhopophilus","pekinensis"
"2361","Rhyticeros","cassidix"
"2362","Rhyticeros","everetti"
"2363","Rhyticeros","narcondami"
"2364","Rhyticeros","subruficollis"
"2365","Rhyticeros","undulatus"
"2366","Rimator","albostriatus"
"2367","Rimator","danjoui"
"2368","Rimator","malacoptilus"
"2369","Rimator","naungmungensis"
"2370","Rimator","pasquieri"
"2371","Riparia","chinensis"
"2372","Riparia","diluta"
"2373","Riparia","riparia"
"2374","Robsonius","rabori"
"2375","Robsonius","sorsogonensis"
"2376","Robsonius","thompsoni"
"2377","Rollulus","rouloul"
"2378","Rostratula","benghalensis"
"2379","Rubigula","dispar"
"2380","Rubigula","flaviventris"
"2381","Rubigula","gularis"
"2382","Rubigula","melanictera"
"2383","Rubigula","montis"
"2384","Rynchops","albicollis"
"2385","Salpornis","spilonota"
"2386","Sarcogyps","calvus"
"2387","Sarcophanops","samarensis"
"2388","Sarcophanops","steerii"
"2389","Sarcops","calvus"
"2390","Sarkidiornis","melanotos"
"2391","Saroglossa","spilopterus"
"2392","Sasia","abnormis"
"2393","Sasia","ochracea"
"2394","Saundersilarus","saundersi"
"2395","Saxicola","caprata"
"2396","Saxicola","ferreus"
"2397","Saxicola","gutturalis"
"2398","Saxicola","insignis"
"2399","Saxicola","jerdoni"
"2400","Saxicola","leucurus"
"2401","Saxicola","macrorhynchus"
"2402","Saxicola","torquatus"
"2403","Saxicoloides","fulicatus"
"2404","Schoenicola","platyurus"
"2405","Schoeniparus","brunneus"
"2406","Schoeniparus","castaneceps"
"2407","Schoeniparus","cinereus"
"2408","Schoeniparus","dubius"
"2409","Schoeniparus","klossi"
"2410","Schoeniparus","rufogularis"
"2411","Schoeniparus","variegaticeps"
"2412","Scissirostrum","dubium"
"2413","Scolopax","bukidnonensis"
"2414","Scolopax","celebensis"
"2415","Scolopax","rusticola"
"2416","Scolopax","saturata"
"2417","Scotocerca","inquieta"
"2418","Scythrops","novaehollandiae"
"2419","Serilophus","lunatus"
"2420","Serilophus","rubropygius"
"2421","Serinus","pusillus"
"2422","Setornis","criniger"
"2423","Sholicola","albiventris"
"2424","Sholicola","major"
"2425","Sibia","morrisoniana"
"2426","Sibia","nipalensis"
"2427","Sibia","souliei"
"2428","Sibia","waldeni"
"2429","Sibirionetta","formosa"
"2430","Sinosuthora","alphonsiana"
"2431","Sinosuthora","brunnea"
"2432","Sinosuthora","conspicillata"
"2433","Sinosuthora","przewalskii"
"2434","Sinosuthora","ricketti"
"2435","Sinosuthora","webbiana"
"2436","Sinosuthora","zappeyi"
"2437","Sitta","azurea"
"2438","Sitta","cashmirensis"
"2439","Sitta","castanea"
"2440","Sitta","cinnamoventris"
"2441","Sitta","europaea"
"2442","Sitta","formosa"
"2443","Sitta","frontalis"
"2444","Sitta","himalayensis"
"2445","Sitta","leucopsis"
"2446","Sitta","magna"
"2447","Sitta","nagaensis"
"2448","Sitta","neglecta"
"2449","Sitta","oenochlamys"
"2450","Sitta","przewalskii"
"2451","Sitta","solangiae"
"2452","Sitta","tephronota"
"2453","Sitta","victoriae"
"2454","Sitta","villosa"
"2455","Sitta","yunnanensis"
"2456","Sittiparus","castaneoventris"
"2457","Sittiparus","olivaceus"
"2458","Sittiparus","semilarvatus"
"2459","Sittiparus","varius"
"2460","Siva","cyanouroptera"
"2461","Spatula","clypeata"
"2462","Spatula","querquedula"
"2463","Spelaeornis","badeigularis"
"2464","Spelaeornis","caudatus"
"2465","Spelaeornis","chocolatinus"
"2466","Spelaeornis","kinneari"
"2467","Spelaeornis","longicaudatus"
"2468","Spelaeornis","oatesi"
"2469","Spelaeornis","reptatus"
"2470","Spelaeornis","troglodytoides"
"2471","Sphecotheres","hypoleucus"
"2472","Sphecotheres","viridis"
"2473","Spilopelia","chinensis"
"2474","Spilopelia","senegalensis"
"2475","Spilopelia","suratensis"
"2476","Spilornis","cheela"
"2477","Spilornis","elgini"
"2478","Spilornis","holospilus"
"2479","Spilornis","kinabaluensis"
"2480","Spilornis","klossi"
"2481","Spilornis","rufipectus"
"2482","Spinus","thibetanus"
"2483","Spizixos","canifrons"
"2484","Spizixos","semitorques"
"2485","Spodiopsar","cineraceus"
"2486","Spodiopsar","sericeus"
"2487","Stachyris","grammiceps"
"2488","Stachyris","herberti"
"2489","Stachyris","humei"
"2490","Stachyris","leucotis"
"2491","Stachyris","maculata"
"2492","Stachyris","nigriceps"
"2493","Stachyris","nigricollis"
"2494","Stachyris","nonggangensis"
"2495","Stachyris","oglei"
"2496","Stachyris","poliocephala"
"2497","Stachyris","roberti"
"2498","Stachyris","strialata"
"2499","Stachyris","thoracica"
"2500","Stercorarius","pomarinus"
"2501","Sterna","acuticauda"
"2502","Sterna","aurantia"
"2503","Sterna","dougallii"
"2504","Sterna","hirundo"
"2505","Sterna","repressa"
"2506","Sterna","sumatrana"
"2507","Sternula","albifrons"
"2508","Sternula","saundersi"
"2509","Sterrhoptilus","capitalis"
"2510","Sterrhoptilus","dennistouni"
"2511","Sterrhoptilus","nigrocapitatus"
"2512","Stiltia","isabella"
"2513","Streptocitta","albertinae"
"2514","Streptocitta","albicollis"
"2515","Streptocitta","torquata"
"2516","Streptopelia","bitorquata"
"2517","Streptopelia","decaocto"
"2518","Streptopelia","dusumieri"
"2519","Streptopelia","orientalis"
"2520","Streptopelia","tranquebarica"
"2521","Streptopelia","turtur"
"2522","Streptopelia","xanthocycla"
"2523","Strix","aluco"
"2524","Strix","leptogrammica"
"2525","Strix","nivicolum"
"2526","Strix","ocellata"
"2527","Strix","seloputo"
"2528","Strix","uralensis"
"2529","Sturnia","erythropygia"
"2530","Sturnia","malabarica"
"2531","Sturnia","pagodarum"
"2532","Sturnia","sinensis"
"2533","Sturnornis","albofrontatus"
"2534","Sturnus","vulgaris"
"2535","Sula","dactylatra"
"2536","Sula","leucogaster"
"2537","Sula","sula"
"2538","Surniculus","dicruroides"
"2539","Surniculus","lugubris"
"2540","Surniculus","musschenbroeki"
"2541","Surniculus","velutinus"
"2542","Suthora","fulvifrons"
"2543","Suthora","nipalensis"
"2544","Suthora","verreauxi"
"2545","Sylvia","borin"
"2546","Sylvia","communis"
"2547","Sylvia","crassirostris"
"2548","Sylvia","curruca"
"2549","Sylvia","mystacea"
"2550","Sylvia","nana"
"2551","Sylvia","nisoria"
"2552","Sylviparus","modestus"
"2553","Symposiachrus","everetti"
"2554","Symposiachrus","loricatus"
"2555","Symposiachrus","sacerdotum"
"2556","Symposiachrus","trivirgatus"
"2557","Synoicus","chinensis"
"2558","Synoicus","ypsilophorus"
"2559","Synthliboramphus","antiquus"
"2560","Synthliboramphus","wumizusume"
"2561","Sypheotides","indicus"
"2562","Syrmaticus","ellioti"
"2563","Syrmaticus","humiae"
"2564","Syrmaticus","mikado"
"2565","Syrmaticus","reevesii"
"2566","Syrrhaptes","paradoxus"
"2567","Syrrhaptes","tibetanus"
"2568","Taccocua","leschenaultii"
"2569","Tachybaptus","novaehollandiae"
"2570","Tachybaptus","ruficollis"
"2571","Tachymarptis","melba"
"2572","Tadorna","cristata"
"2573","Tadorna","ferruginea"
"2574","Tadorna","tadorna"
"2575","Taeniopygia","guttata"
"2576","Tanygnathus","gramineus"
"2577","Tanygnathus","lucionensis"
"2578","Tanygnathus","megalorynchos"
"2579","Tanygnathus","sumatranus"
"2580","Tanysiptera","galatea"
"2581","Tarsiger","chrysaeus"
"2582","Tarsiger","cyanurus"
"2583","Tarsiger","hyperythrus"
"2584","Tarsiger","indicus"
"2585","Tarsiger","johnstoniae"
"2586","Tarsiger","rufilatus"
"2587","Temnurus","temnurus"
"2588","Tephrodornis","affinis"
"2589","Tephrodornis","pondicerianus"
"2590","Tephrodornis","sylvicola"
"2591","Tephrodornis","virgatus"
"2592","Terpsiphone","affinis"
"2593","Terpsiphone","atrocaudata"
"2594","Terpsiphone","cinnamomea"
"2595","Terpsiphone","cyanescens"
"2596","Terpsiphone","floris"
"2597","Terpsiphone","incei"
"2598","Terpsiphone","paradisi"
"2599","Terpsiphone","unirufa"
"2600","Tesia","cyaniventer"
"2601","Tesia","everetti"
"2602","Tesia","olivea"
"2603","Tesia","superciliaris"
"2604","Tetraogallus","himalayensis"
"2605","Tetraogallus","tibetanus"
"2606","Tetraophasis","obscurus"
"2607","Tetraophasis","szechenyii"
"2608","Tetrax","tetrax"
"2609","Thalasseus","bengalensis"
"2610","Thalasseus","bergii"
"2611","Thalasseus","sandvicensis"
"2612","Thaumatibis","gigantea"
"2613","Threskiornis","aethiopicus"
"2614","Threskiornis","melanocephalus"
"2615","Tichodroma","muraria"
"2616","Tickellia","hodgsoni"
"2617","Timalia","pileata"
"2618","Todiramphus","australasia"
"2619","Todiramphus","chloris"
"2620","Todiramphus","enigma"
"2621","Todiramphus","sanctus"
"2622","Todiramphus","winchelli"
"2623","Tragopan","blythii"
"2624","Tragopan","caboti"
"2625","Tragopan","melanocephalus"
"2626","Tragopan","satyra"
"2627","Tragopan","temminckii"
"2628","Treron","affinis"
"2629","Treron","apicauda"
"2630","Treron","aromaticus"
"2631","Treron","axillaris"
"2632","Treron","bicinctus"
"2633","Treron","capellei"
"2634","Treron","chloropterus"
"2635","Treron","curvirostra"
"2636","Treron","floris"
"2637","Treron","formosae"
"2638","Treron","fulvicollis"
"2639","Treron","griseicauda"
"2640","Treron","olax"
"2641","Treron","oxyurus"
"2642","Treron","permagnus"
"2643","Treron","phayrei"
"2644","Treron","phoenicopterus"
"2645","Treron","pompadora"
"2646","Treron","psittaceus"
"2647","Treron","seimundi"
"2648","Treron","sieboldii"
"2649","Treron","sphenurus"
"2650","Treron","teysmannii"
"2651","Treron","vernans"
"2652","Trichastoma","bicolor"
"2653","Trichastoma","buettikoferi"
"2654","Trichastoma","celebense"
"2655","Trichastoma","cinereiceps"
"2656","Trichastoma","malaccense"
"2657","Trichastoma","pyrrogenys"
"2658","Trichastoma","rostratum"
"2659","Trichastoma","tickelli"
"2660","Trichixos","pyrropygus"
"2661","Trichoglossus","capistratus"
"2662","Trichoglossus","euteles"
"2663","Trichoglossus","flavoviridis"
"2664","Trichoglossus","forsteni"
"2665","Trichoglossus","haematodus"
"2666","Trichoglossus","johnstoniae"
"2667","Trichoglossus","meyeri"
"2668","Trichoglossus","ornatus"
"2669","Trichoglossus","weberi"
"2670","Tricholestes","criniger"
"2671","Tringa","brevipes"
"2672","Tringa","erythropus"
"2673","Tringa","glareola"
"2674","Tringa","guttifer"
"2675","Tringa","nebularia"
"2676","Tringa","stagnatilis"
"2677","Tringa","totanus"
"2678","Trochalopteron","affine"
"2679","Trochalopteron","austeni"
"2680","Trochalopteron","chrysopterum"
"2681","Trochalopteron","elliotii"
"2682","Trochalopteron","erythrocephalum"
"2683","Trochalopteron","formosum"
"2684","Trochalopteron","henrici"
"2685","Trochalopteron","imbricatum"
"2686","Trochalopteron","lineatum"
"2687","Trochalopteron","melanostigma"
"2688","Trochalopteron","milnei"
"2689","Trochalopteron","morrisonianum"
"2690","Trochalopteron","ngoclinhense"
"2691","Trochalopteron","peninsulae"
"2692","Trochalopteron","squamatum"
"2693","Trochalopteron","subunicolor"
"2694","Trochalopteron","variegatum"
"2695","Trochalopteron","virgatum"
"2696","Trochalopteron","yersini"
"2697","Troglodytes","troglodytes"
"2698","Turacoena","manadensis"
"2699","Turacoena","modesta"
"2700","Turacoena","sulaensis"
"2701","Turdinus","atrigularis"
"2702","Turdinus","brevicaudatus"
"2703","Turdinus","calcicola"
"2704","Turdinus","crassus"
"2705","Turdinus","crispifrons"
"2706","Turdinus","macrodactylus"
"2707","Turdinus","marmoratus"
"2708","Turdinus","rufipectus"
"2709","Turdoides","affinis"
"2710","Turdoides","rufescens"
"2711","Turdoides","somervillei"
"2712","Turdoides","striata"
"2713","Turdus","albocinctus"
"2714","Turdus","atrogularis"
"2715","Turdus","boulboul"
"2716","Turdus","cardis"
"2717","Turdus","dissimilis"
"2718","Turdus","eunomus"
"2719","Turdus","feae"
"2720","Turdus","hortulorum"
"2721","Turdus","kessleri"
"2722","Turdus","mandarinus"
"2723","Turdus","maximus"
"2724","Turdus","merula"
"2725","Turdus","niveiceps"
"2726","Turdus","pallidus"
"2727","Turdus","pilaris"
"2728","Turdus","poliocephalus"
"2729","Turdus","rubrocanus"
"2730","Turdus","ruficollis"
"2731","Turdus","simillimus"
"2732","Turdus","unicolor"
"2733","Turdus","viscivorus"
"2734","Turnix","everetti"
"2735","Turnix","maculosus"
"2736","Turnix","ocellatus"
"2737","Turnix","suscitator"
"2738","Turnix","sylvaticus"
"2739","Turnix","tanki"
"2740","Turnix","worcesteri"
"2741","Tyto","alba"
"2742","Tyto","inexspectata"
"2743","Tyto","longimembris"
"2744","Tyto","nigrobrunnea"
"2745","Tyto","novaehollandiae"
"2746","Tyto","rosenbergii"
"2747","Upupa","epops"
"2748","Urocissa","caerulea"
"2749","Urocissa","erythroryncha"
"2750","Urocissa","flavirostris"
"2751","Urocissa","ornata"
"2752","Urocissa","whiteheadi"
"2753","Urocissa","xanthomelana"
"2754","Urocynchramus","pylzowi"
"2755","Urosphena","squameiceps"
"2756","Urosphena","subulata"
"2757","Urosphena","whiteheadi"
"2758","Vanellus","cinereus"
"2759","Vanellus","duvaucelii"
"2760","Vanellus","gregarius"
"2761","Vanellus","indicus"
"2762","Vanellus","leucurus"
"2763","Vanellus","macropterus"
"2764","Vanellus","malabaricus"
"2765","Vanellus","vanellus"
"2766","Vauriella","albigularis"
"2767","Vauriella","goodfellowi"
"2768","Vauriella","gularis"
"2769","Vauriella","insignis"
"2770","Xenus","cinereus"
"2771","Yuhina","bakeri"
"2772","Yuhina","brunneiceps"
"2773","Yuhina","castaniceps"
"2774","Yuhina","diademata"
"2775","Yuhina","everetti"
"2776","Yuhina","flavicollis"
"2777","Yuhina","gularis"
"2778","Yuhina","humilis"
"2779","Yuhina","nigrimenta"
"2780","Yuhina","occipitalis"
"2781","Yuhina","torqueola"
"2782","Zanclostomus","javanicus"
"2783","Zapornia","akool"
"2784","Zapornia","bicolor"
"2785","Zapornia","fusca"
"2786","Zapornia","parva"
"2787","Zapornia","paykullii"
"2788","Zapornia","pusilla"
"2789","Zapornia","tabuensis"
"2790","Zoonavena","sylvatica"
"2791","Zoothera","andromedae"
"2792","Zoothera","aurea"
"2793","Zoothera","dauma"
"2794","Zoothera","dixoni"
"2795","Zoothera","everetti"
"2796","Zoothera","griseiceps"
"2797","Zoothera","marginata"
"2798","Zoothera","mollissima"
"2799","Zoothera","monticola"
"2800","Zoothera","salimalii"
"2801","Zosterops","anomalus"
"2802","Zosterops","atricapilla"
"2803","Zosterops","atrifrons"
"2804","Zosterops","auriventer"
"2805","Zosterops","buruensis"
"2806","Zosterops","ceylonensis"
"2807","Zosterops","chloris"
"2808","Zosterops","citrinella"
"2809","Zosterops","consobrinorum"
"2810","Zosterops","emiliae"
"2811","Zosterops","erythropleurus"
"2812","Zosterops","everetti"
"2813","Zosterops","flavus"
"2814","Zosterops","japonicus"
"2815","Zosterops","melanurus"
"2816","Zosterops","meyeni"
"2817","Zosterops","natalis"
"2818","Zosterops","nehrkorni"
"2819","Zosterops","nigrorum"
"2820","Zosterops","palpebrosus"
"2821","Zosterops","simplex"
"2822","Zosterops","somadikartai"
"2823","Zosterornis","hypogrammicus"
"2824","Zosterornis","latistriatus"
"2825","Zosterornis","nigrorum"
"2826","Zosterornis","striatus"
"2827","Zosterornis","whiteheadi"
